TIME,1.00937,1.00937,1.00937,1.09348,1.09348,1.09348,1.1776,1.1776,1.1776,1.26171,1.26171,1.26171,1.34583,1.34583,1.34583,1.42994,1.42994,1.51405,1.51405,1.51405,1.59817,1.59817,1.68228,1.68228,1.7664,1.7664,1.85051,1.85051,1.93462,1.93462
0.000000000,546.833,480.569,391.824,275.9,272.226,372.072,461.157,555.666,677.827,866.522,722.569,521.644,451.352,345.954,519.675,226.952,397.138,780.808,797.518,425.48,1537.78,5354.15,19274.1,8007.73,1690.95,619.996,1100.62,508.627,522.236,316.159
1.486077098,713.019,548.598,398.583,242.54,234.598,394.496,496.305,573.491,744.171,1074.19,907.35,617.407,536.483,348.622,606.727,206.024,437.602,910.085,1138.92,660.105,2142.07,7499.04,32143,11458,2340.9,817.852,1393.88,542.231,625.833,320.246
2.972154195,861.143,598.451,402.899,221.154,194.686,420.355,518.183,529.48,740.31,1193.57,998.937,681.713,614.271,340.746,673.468,181.63,415.452,1014.04,1442.46,888.883,2339.29,8776.93,46717.4,13379,2794.87,1011.21,1445.92,512.982,673.413,301.655
4.458231293,997.991,660.296,450.833,261.578,199.705,481.985,509.703,436.157,654.56,1219.04,1002.47,746.64,678.473,351.779,715.472,210.044,345.319,1116.85,1664.18,1030.71,2115.29,8926.29,60716.7,12734.8,2832.22,1169.23,1284.06,503.46,662.866,281.952
5.944308390,1096.31,749.033,564.968,362.422,275.257,577.686,477.008,352.152,520.734,1157.98,944.856,831.956,715.793,404.778,727.398,319.454,290.489,1245.99,1857.4,977.929,1698.55,8212.3,71953.5,9641.99,2474.31,1217.04,1049.35,594.013,633.746,290.505
7.430385488,1165.45,889.441,762.986,494.622,402.41,681.884,440.219,340.318,402.068,1043.12,860.238,934.023,707.755,494.017,702.624,509.9,348.065,1390.63,2003.53,804.904,1280.34,7000.79,79008.7,5685.62,1977.32,1285.31,934.176,847.015,644.012,346.806
8.916462585,1219.22,1073.76,1005.56,619.345,538.306,774.853,425.051,419.832,356.044,914.771,784.851,1040.81,640.42,586.688,647.082,723.22,574.443,1524.06,2141.6,668.455,960.971,5586.88,81584.9,2723.22,1575.71,1436.06,1018.92,1234.67,717.353,449.455
10.402539683,1227.29,1236,1203.96,694.99,631.887,865.627,448.372,557.467,387.803,807.163,760.433,1145.29,511.815,628.768,560.842,886.556,968.491,1628.06,2261.64,652.415,785.452,4224.04,80121.7,1735.4,1367.81,1683.25,1257,1681.58,813.566,573.669
11.888616780,1133.09,1230.98,1363.7,631.497,663.442,952.922,544.112,727.3,454.411,730.102,770.743,1225.78,358.793,590.914,454.497,965.21,1416.28,1701.77,2329.97,771.008,760.566,3078.06,75078.9,2531.02,1339.53,1990.03,1533.66,2048.22,879.526,666.645
13.374693878,1068.09,872.707,1816.89,615.778,882.559,996.179,771.098,848.902,560.18,641.975,723.795,1270.68,242.392,488.148,385.859,923.802,1742.03,1711.1,2295.39,836.896,933.069,2307.48,68154.8,4109.15,1356.53,2307.13,1701.11,2273,831.108,703.732
14.860770975,1292.04,548.664,3523.63,1828.35,2039.37,1210.42,1123.29,943.317,691.584,493.057,584.366,1303.06,194.2,398.92,368.625,793.071,1829.08,1626.38,2103.26,742.092,1483.59,2179.96,59955,5352.76,1234.19,2578.39,1660.76,2288.01,717.614,712.873
16.346848073,2028.41,984.207,7893.34,6479.84,4928.83,1921.43,1481.91,1073.12,794.147,341.168,408.845,1355.2,196.93,358.362,370.912,644.329,1661.94,1445.5,1779.45,595.612,2648.7,2600.82,50350.3,5574.72,903.237,2660.56,1347.32,2119.04,618.593,713.238
17.832925170,3137.24,2653.66,15884.8,16923.6,9641.48,3162.55,1830.1,1229.06,865.571,240.723,279.729,1411.07,226.353,381.795,352.088,530.396,1343.99,1194.92,1488.94,611.487,4623.85,3052.79,39531.6,4819.78,630.185,2408,896.59,1904.13,680.064,760.116
19.319002268,4143.51,5428.64,26687.1,34862.3,14948.4,4395.56,2181.68,1259.06,846.18,221.482,296.04,1414.24,269.98,455.034,306.408,459.231,987.395,901.411,1281.22,849.926,7440.46,3193.75,27749.1,3562.65,568.225,2045.09,462.202,1743.11,810.031,979.405
20.805079365,4907.2,8126.86,37672.5,60253.8,19256.2,4992.95,2409.28,1081.7,836.695,356.87,485.309,1315.08,346.43,565.696,275.179,430.398,716.498,632.889,1133.35,1108.06,10404.9,3092.95,17232.2,2325.98,633.814,1632.71,202.807,1805.67,911.734,1314.97
22.291156463,5431.39,9365.18,45943.3,90803.1,21591.8,4874.21,2399.38,804.576,1030.95,722.941,870.347,1193.53,495.056,690.051,320.546,405.281,536.119,486.163,1075.86,1241.64,12801.1,3004.06,9448.91,1616.35,779.387,1290.47,204.025,2148.97,925.207,1682.31
23.777233560,5806.86,8946.46,50150.8,121497,22031.9,4289.6,2292.34,710.767,1621.38,1305.23,1375.76,1163.66,745.026,834.281,467.934,380.604,461.443,469.941,1047.8,1144.07,14172.5,3084.4,4652.85,1543.49,976.544,1074.14,452.059,2719.06,793.548,1937.95
25.263310658,5968.86,7591.63,51053.2,145865,21381.6,3800.43,2185.49,1036.05,2636.22,1979.61,1900.58,1277.02,1053.06,992.084,724.336,377.026,479.961,578.451,1029.44,892.464,14628.9,3424.99,2301.59,1871.48,1167.71,934.656,867.592,3288.11,606.564,1945.88
26.749387755,5965.6,6343.9,50058.4,159190,19960.4,3816.18,2051.87,1829.28,3908.21,2533.14,2385.98,1513.62,1391.26,1138.81,1029.68,426.363,565.226,759.862,1014.17,698.295,14173.7,3901.96,1417.55,2181.36,1242.88,907.346,1234.77,3751.56,532.971,1758.56
28.235464853,5995.48,5751.31,47115.1,160615,17754.4,4313.18,1952.49,2845.96,5177.21,2895.68,2707.35,1801.8,1649.45,1257.59,1255.49,541.287,686.018,944.805,1022.74,685.603,12729.2,4251.86,1294.61,2336.84,1263.47,935.203,1526.65,3934.2,694.962,1533.79
29.721541950,6271.53,5603.9,41647.8,153167,15771.8,5393.48,2036.05,3606.6,6094.1,2983.37,2845,2020.28,1792.16,1362.54,1362.83,657.409,788.091,1042.49,1026.29,970.477,10552.1,4568.57,1398.72,2329.29,1366.33,914.136,1687.12,3975.01,1085.6,1238.46
31.207619048,7044.73,5440.3,34071.8,142327,14993.6,6996.26,2294.33,3871.55,6379.87,2755,2754.81,2089.86,1801.14,1436.81,1332.55,710.039,811.257,1029.44,979.088,1505.49,7885.1,5003.75,1440.33,2164.16,1539.23,876.468,1713.07,3907.82,1584.47,989.868
32.693696145,7907.76,5238.18,26405.6,133465,15434.1,8710.8,2631.17,3555.94,5920.56,2317.97,2520.79,2003.89,1633.77,1439.6,1169.21,679.663,737.279,926.628,861.41,2135.77,5421.77,5449.5,1323.29,1805.18,1691.21,839.205,1577.09,3741.33,2003.55,994.845
34.179773243,8105.27,5572.68,21587.3,129379,15821.9,9409.31,3037.05,2690.62,5017.96,1754.69,2212.36,1739.85,1370.02,1375.49,945.01,575.355,597.778,797.288,748.27,2678.39,3918.13,5529.53,1076.3,1323.48,1695.83,810.977,1373.24,3550.98,2080.67,1285.34
35.665850340,7382,6468.97,22106.1,130568,15044,8331.26,3299.94,1631.39,4134.66,1181.02,1834.58,1264.32,1162.46,1288.07,770.458,412.602,430.027,660.915,611.548,2819.23,4062.77,5104.44,789.553,889.202,1513.11,800.81,1204.12,3472.55,1722.65,1692.93
37.151927438,6010.09,7177.6,27691.6,136648,13812.9,6453.07,3266.92,918.122,3537.16,809.509,1580.53,804.3,1068.86,1197.81,691.482,283.437,318.447,538.237,488.307,2571.3,5798.15,4368.2,613.88,721.504,1279.02,812.563,1084.17,3486.71,1203.58,2055.57
38.638004535,5062.45,7494.22,35287.2,146547,13542.1,4803.42,3160.04,783.803,3308.78,841.327,1650.78,650.597,1106.25,1145.64,737.335,271.689,321.469,504.772,472.582,2194.17,8204.04,3763.27,588.582,886.098,1129.2,918.545,1000.63,3506.96,769.195,2323.91
40.124081633,4941.42,7253.12,41604,157437,14585.1,3932.95,2933.22,1236.19,3508.57,1334.68,2091.28,914.304,1247.59,1179.34,927.951,394.75,448.217,606.932,594.21,1798.12,10323.2,3548.62,692.589,1320.25,1129.18,1133.5,946.565,3513.51,560.454,2545.19
41.610158730,5199.53,6413.61,45215.1,164312,16192.6,3854.05,2631.51,2058.59,4109.94,2123.15,2759.63,1445.8,1435.56,1310.04,1229.53,628.988,666.683,848.2,808.688,1407.48,11759.5,3586.66,866.758,1852.62,1310.01,1371.64,1003.96,3490.9,531.419,2640.56
43.096235828,5363.98,5470.82,46079,161613,17513.7,4185.75,2415.34,2993.57,4863.66,2871.15,3342.86,1963.48,1628.61,1549.73,1575.21,901.829,890.659,1115.18,1001.12,1112.69,12707.7,3544.52,987.407,2225.75,1508.18,1631.26,1200.27,3297.96,646.796,2655.09
44.582312925,5120.66,5416.96,44733.8,146908,18722.8,4897.2,2401.08,3750.35,5414.47,3401.58,3609.39,2306.19,1757.75,1804.46,1829.95,1152.71,1077.45,1279.07,1164.53,964.127,13326.8,3189.35,1038.78,2325.47,1563.05,1871.7,1487.13,2910.05,913.457,2492.94
46.068390023,4636.7,6396.95,42411.3,122842,19713.1,5757.89,2418.5,4105.08,5532.45,3610.49,3498.05,2374.38,1729.48,1958.47,1858.3,1336.21,1199.29,1242.65,1260.41,867.768,13435.2,2644.47,1039.78,2166.35,1434.74,2026.05,1744.44,2400.55,1302.46,2263.86
47.554467120,3947.04,7999.75,40565,95467.8,19849.1,6379.22,2307.14,3799.81,5064.48,3502.67,3024.15,2133.31,1522.59,1913.68,1651.13,1399.6,1205.24,1000.75,1241.65,745.248,12627.4,2151.14,998.926,1864.46,1175.15,1988.69,1937.46,1904.79,1683.2,2034.6
49.040544218,3065.24,10245.8,39035.5,69265.4,18190.6,6516.18,1947.03,2888.31,4048.17,3199.28,2320.47,1697.47,1177.27,1627.15,1252.41,1361.26,1107.93,648.365,1150.86,610.929,10609.1,1802.51,957.276,1529.99,848.53,1750.47,2005.71,1474.12,1802.71,1781.77
50.526621315,2220.65,13804,36447.6,46565.7,14576.7,5778.95,1356.98,1939.3,2768.87,2765.09,1575.64,1156.35,817.601,1175.82,777.634,1277.96,957.071,358.134,1082.53,497.945,7889.61,1657.26,890.316,1173.96,521.857,1402.02,1880.92,1201.37,1633.87,1494.16
52.012698413,1659.85,19407.8,33246.1,29025.5,9811.16,4279.26,778.321,1502.85,1627.79,2232.55,993.375,731.809,522.91,681.582,339.407,1213.61,841.59,324.096,1143.71,489.963,5312.85,1603.19,956.839,926.658,299.645,1098.92,1561.96,861.988,1560.68,1121.92
53.498775510,2480.92,26570.1,29122.9,16692.4,5469.94,2578.11,478.153,1616.9,909.56,1761.18,639.497,557.67,375.885,291.609,67.2227,1201.5,803.988,605.592,1396.92,651.797,3425.7,1552.54,1211.83,833.38,231.882,917.922,1203.89,575.031,1701.78,946.074
54.984852608,5618.83,32934.4,23784.2,9002.9,2679.58,1182.13,478.054,2024.07,609.203,1433.64,483.98,619.952,392.238,131.217,50.643,1236.15,837.886,1086.76,1752.97,939.843,2321.18,1497.54,1528,840.063,309.426,941.378,894.878,459.84,2093.22,1550.96
56.470929705,11360.9,35298.4,17700.4,4716.15,1420.01,513.051,732.478,2373.48,557.645,1298.54,459.203,814.187,478.753,171.033,228.974,1312.13,933.515,1565.74,2094.74,1219.8,1782.53,1439.39,1796.77,843.718,480.335,1182.48,719.346,457.404,2792.16,3527.93
57.957006803,17871.6,32637,12091.2,2540.35,943.239,658.871,1071.26,2318.49,672.982,1286.25,515.761,1066.19,519.623,296.241,461.274,1465.92,1109.02,1881.85,2259.93,1344.73,1497.45,1383.86,1884.58,786.528,683.183,1572.53,682.853,493.882,3576.5,7187.83
59.443083900,23350.6,26841.9,7749.06,1564.71,769.28,1347.61,1328.86,1931.77,883.687,1272.72,630.507,1339.82,542.862,465.504,668.161,1627.66,1334.41,2016.45,2185.2,1328.08,1274,1219.73,1817.72,717.989,869.47,1948.03,670.367,540.884,4267.7,12112.3
60.929160998,26106.5,19631.1,4848.99,1144.1,905.719,2024.61,1393.86,1465.43,1099.02,1186.45,796.018,1638.65,600.567,652.191,789.284,1788.81,1554.18,2031.79,1908.16,1228.71,1076.53,938.542,1617.52,644.272,966.417,2104.64,750.974,703.156,4880.43,17035.8
62.415238095,24600.4,12403.9,3148.09,913.255,1287.07,2352.15,1360.75,989.572,1234.1,1023.26,1012.28,1925.17,692.934,831.146,797.376,2023.33,1792.61,1883.08,1505.02,1018.8,990.915,669.437,1297.61,584.66,949.116,2064.96,1009.06,1155.66,5663.3,19945.2
63.901315193,19634.6,6878.45,2375.74,700.54,1618.15,2275.75,1389.81,580.828,1188.17,844,1246.79,2180.73,817.027,1007.56,735.749,2337.83,2028.14,1607.95,1087.88,765.748,1018.7,505.187,955.176,560.999,866.472,1883.38,1525,2012.87,6633.65,19793.3
65.387392290,12886.8,3593.44,2273.76,484.878,1701.63,1855.8,1502.57,341.829,995.053,741.98,1441.99,2375.87,1001.03,1198.4,674.814,2630.8,2180.86,1312.34,801.836,602.699,1095.05,454.445,713.838,618.456,781.465,1639.65,2247.12,3251.91,7527.84,16692.1
66.873469388,6759.95,1830.2,2443.93,357.559,1622.26,1435.37,1655.75,327.832,761.365,765.354,1492.79,2493.34,1280.43,1479.61,646.489,2837.57,2256.65,1043.99,700.038,629.282,1148.15,481.313,653.034,787.041,744.659,1472.31,3011,4549.59,8105.28,12115.6
68.359546485,2908.34,901.602,2484.16,313.609,1492.6,1247.05,1792.47,528.51,596.232,931.429,1338.36,2569.57,1637.92,1947.39,681.904,2922.18,2310.84,825.804,710.958,861.263,1131.97,533.283,697.738,1023.31,841.245,1450.58,3611.24,5546.77,7984.27,7474.31
69.845623583,1228.74,549.253,2394.44,291.526,1429.11,1427.45,1885.67,834.183,537.165,1184.91,1086.85,2642.56,1968.66,2593.31,803.047,2869.1,2364.45,725.347,761.718,1204.63,1125.35,566.287,743.586,1248.18,1068.62,1551.08,3838.25,5998.72,7200.9,4068.85
71.331700680,633.887,813.102,2592.71,318.78,1643.38,2032.65,1972.4,1117.65,559.461,1462.8,914.697,2737.83,2180.27,3267.25,1011.43,2712.35,2428.05,755.131,825.243,1504.59,1268.53,500.908,763.82,1453.38,1354.72,1674.01,3672.23,5709.41,5774.03,2380.28
72.817777778,450.778,1405.08,3713.43,809.209,2359.7,2881.19,1871.94,1379.07,585.194,1661.09,909.749,2846.44,2239.76,3774.12,1278.36,2480.34,2482.14,880.195,910.677,1660.05,1671.07,325.691,803.45,1650.04,1573.85,1724.87,3273.08,4823.72,4184.81,1808.1
74.303854875,523.263,1950.37,6260.91,2484.72,3930.25,3720.33,1633.4,1576.9,558.881,1700.69,1039.65,2897.78,2208.76,3920.34,1599.52,2197.57,2468.73,1016.02,1017.08,1661.74,2340.61,153.154,888.488,1817.37,1607.24,1607.69,2756.57,3665.67,3013.11,1640.67
75.789931973,864.821,2507.92,10242.4,6385.32,6271.15,4294,1346.23,1705.45,522.114,1576.8,1221.8,2787.68,2100.82,3713.34,1884.09,1875.46,2280.97,1101.97,1106.3,1506.74,3260.95,116.983,1018.74,1879.87,1465.84,1313.06,2266.23,2368.74,2385.38,1513.84
77.276009070,1230.17,2978.7,15253.7,13400.7,8713.47,4278.35,1088.04,1809.57,499.54,1333.25,1348.67,2490.95,1920.09,3222.12,1990.03,1564.17,1922.56,1097.2,1120.36,1259.54,4259.44,211.238,1115.32,1763.89,1215.29,943.757,1853.21,1342,1986.27,1323.45
78.762086168,1438.09,3105.3,19905.9,23966.1,10286.7,3718.43,843.173,1841.79,496.355,1024.72,1355.05,2027.76,1633.57,2574.42,1806.38,1314.38,1478.68,962.087,1037.68,967.927,5073.45,335.825,1145.29,1487.42,941.873,587.306,1455.81,712.772,1656,1118.01
80.248163265,1455.86,2918.31,22679.6,37482.1,10548.9,2812.13,655.856,1758.98,495.792,745.832,1222.54,1515.32,1262.77,1905.53,1377.23,1145.66,1068.97,730.904,849.418,674.727,5455.18,443.959,1075.54,1133.86,711.634,337.197,1059.12,428.419,1396.58,905.493
81.734240363,1347.01,2532.68,22971.1,51788.7,9677.36,1796.06,572.485,1617.8,480.083,521.798,1062.45,1080.22,870.734,1287.53,882.918,1024.56,770.467,519.216,633.368,427.672,5369.8,520.882,937.582,858.878,511.735,203.166,743.198,350.037,1237.03,690.64
83.220317460,1232.41,1976.02,21604,63707.3,8299.33,961.848,603.704,1499.48,477.446,411.313,925.437,815.187,529.379,778.242,480.265,922.944,591.642,414.129,474.23,250.226,5047.18,585.543,775.511,695.586,381.414,164.284,573.501,343.116,1144.77,525.794
84.706394558,1175.12,1475.67,19603.4,70553.9,6791.51,480.509,690.505,1412.34,557.096,434.162,805.404,700.034,320.436,442.143,283.554,832.839,505.342,404.937,378.588,146.817,4656.72,640.964,627.389,618.445,352.937,190.308,512.169,349.264,1042.98,486.665
86.192471655,1235.56,1205.55,17375.4,71953.8,5274.75,407.255,739.676,1338.35,740.894,509.422,741.804,643.197,242.358,248.244,288.864,787.992,490.054,463.4,334.489,124.28,4085.79,720.411,572.308,592.297,365.462,248.73,511.3,353.59,936.15,591.847
87.678548753,1438.9,1136.48,14893.1,69282.2,4217.58,807.815,813.154,1281.32,956.282,522.132,695.239,554.227,258.171,164.204,386.902,785.094,526.39,505.414,328.953,219.088,3257.4,884.634,587.049,533.464,388.289,319.979,533.432,356.861,833.023,744.837
89.164625850,1762.75,1095.35,12046,65081.9,3930.54,1567.79,956.359,1267.79,1110.09,422.582,634.933,418.417,324.43,157.738,439.612,808.858,597.306,464.372,336.696,407.954,2274.83,1110.32,610.132,417.762,408.306,393.238,562.232,357.781,754.614,906.57
90.650702948,2036.36,1102,9277.75,62213.1,4260.01,2555.88,1156.92,1237.08,1125.57,292.914,603.313,319.829,387.863,186.376,420.423,808.775,665.095,378.251,315.453,634.285,1467.66,1364.28,587.268,261.198,470.098,452.39,575.882,365.955,686.189,1030.79
92.136780045,2196.65,1423.66,7827.52,62244,4708.99,3229.57,1360.44,1160.24,1068.71,182.369,610.053,317.716,446.222,265.33,380.271,730.163,705.807,311.04,272.715,851.368,1204.88,1571.73,550.417,170.459,608.012,487.09,569.931,415.71,641.469,1077.09
93.622857143,2130.8,1951.1,9037.62,65290.3,4785.77,3228.83,1422.55,1102.94,1007.91,117.833,679.725,440.696,512.392,378.138,358.066,562.626,718.356,331.827,255.426,988.244,1715.52,1655.62,580.219,262.335,841.389,518.255,551.805,508.308,701.251,1012.24
95.108934240,1867.64,2370.29,12854.9,71036.6,4626.12,2845.94,1275.79,1063.39,941.602,136.058,866.592,686.581,581.428,480.795,383.821,352.969,707.813,474.691,310.12,1047.09,2874.34,1666.75,736.923,588.159,1147.69,568.845,527.143,629.301,883.42,817.122
96.595011338,1717.36,2628.39,17536.8,78636.7,4653.64,2176.5,996.677,978.494,900.871,264.654,1140.73,986.716,647.575,530.288,465.871,184.259,688.035,725.288,474.095,1074.65,4172.39,1732.1,978.746,1087.33,1471.26,669.391,493.078,754.746,1116.52,646.667
98.081088435,1704.25,2550.69,21133.4,86316.3,4894.76,1508.97,686.426,855.052,885.537,474.231,1444.19,1251.61,722.414,514.56,580.1,116.862,674.473,987.606,709.305,1073.24,5110.3,1894.81,1241.24,1614.06,1760.2,791.362,459.987,841.115,1323.94,516.825
99.567165533,1722.61,2144.51,22987.3,91372.1,5155.17,1014.07,429.589,733.509,900.903,673.797,1688.89,1410.66,817.218,463.443,715.499,156.149,671.448,1153.63,925.376,1027.75,5559.74,2065.34,1432.94,2016.66,1939.02,885.915,445.679,883.866,1433.75,440.331
101.053242630,1694.85,1860.77,23603,91654,5244.47,663.039,326.432,676.606,902.876,805.997,1807.81,1484.32,885.881,417.027,829.599,250.958,653.081,1165.47,1069.05,1009.69,5815.46,2014.32,1445.68,2201.76,1967.21,955.469,420.668,883.701,1459.96,475.329
102.539319728,1525.92,1857.31,23631.7,85726.5,5222.08,574.475,457.47,732.507,866.728,820.184,1802.33,1494.66,943.607,417.972,898.411,316.829,577.195,1080.97,1072.31,1007.07,6166.36,1621.14,1350.45,2172.48,1899.41,985.124,374.397,859.157,1477.66,601.187
104.025396825,1270.65,1961.59,23069,73894.5,5229.78,728.718,787.087,883.951,825.413,736.166,1774.33,1436.66,992.971,484.322,917.873,321.166,446.773,964.407,946.714,953.387,6596.31,1144.48,1364.6,2059.53,1792.33,986.261,328.23,874.327,1502.83,776.45
105.511473923,1032.04,2005.15,21208.1,58110.4,5048.91,949.416,1205.91,1118.44,783.82,671.435,1842.33,1313.4,1021.05,577.297,899.795,260.878,290.797,888.64,730.11,831.028,6811.46,926.975,1800.51,2077.4,1679.97,936.683,312.544,975.905,1441.44,908.837
106.997551020,843.427,1983.5,17477.9,41345.2,4372.32,1147.46,1637.22,1394.56,773.026,760.439,2001.31,1187.48,997.266,669.422,856.149,177.937,179.385,887.622,554.59,701.317,6464.12,1080.58,2865.35,2354.36,1613.83,886.758,409.455,1157.62,1318.98,968.905
108.483628118,745.486,2024.52,12562.4,26315.2,3266.33,1315.86,1953.34,1663.05,811.75,1020.13,2174.27,1096.93,944.61,753.267,780.618,141.038,182.486,912.541,530.454,651.244,5533.21,1532.26,4533.56,2891.83,1593.27,910.683,660.553,1465.85,1177.28,985.392
109.969705215,668.242,2075.87,8022.29,14739.5,2091.52,1460.82,2229.77,1809.65,853.877,1318.27,2268.3,995.332,848.96,827.313,696.382,184.512,299.587,919.755,680.274,684.876,4306.67,2135.87,6565.4,3495.12,1601.44,1051.38,986.076,1928.93,1045.92,954.628
111.455782313,590.047,1984.14,4889.75,7255.45,1262.11,1578.12,2473.48,1712.59,897.313,1487.47,2133.74,840.265,704.402,916.226,614.785,290.365,495.314,929.479,912.749,821.751,3084.59,2657.14,8561.54,3945.27,1566.95,1332.79,1280.47,2393.72,951.507,844.279
112.941859410,573.078,1767.79,3262.89,3294.67,984.99,1676.04,2696.14,1414.78,891.102,1431.3,1740.79,645.838,547.889,988.951,554.919,384.823,722.704,938.361,1125,1023.65,2101.46,2894.65,10177.1,4098.43,1447.8,1694.51,1443.61,2714,845.419,694.639
114.427936508,603.144,1503.63,2588.82,1647.02,1131.83,1715.05,2775.71,1019.55,829.566,1223.07,1243.89,463.293,428.336,1012.88,519.767,423.702,943.642,950.532,1254.25,1210.36,1442.32,2767.75,11176.8,3955.12,1245.87,1989.45,1460.25,2764.46,725.394,555.248
115.914013605,619.884,1207.27,2223.93,1152.34,1412.55,1779.23,2803.2,668.745,769.478,1011.56,806.724,321.716,392.816,940.563,476.851,461.864,1148.61,964.379,1333.74,1327.16,1041.53,2421.51,11405.5,3622.22,965.355,2166.72,1352.88,2578.48,605.694,495.487
117.400090703,562.572,929.054,1910.79,1080.45,1585.97,1856.74,2735.61,511.584,736.226,955.485,533.734,221.944,425.929,797.153,428.23,555.501,1322.28,1000.78,1387.6,1342.69,843.682,2094.7,10930.4,3198.76,709.036,2212.51,1211.48,2231.33,522.921,563.504
118.886167800,540.363,800.505,1591.59,1114.3,1603.98,1799.85,2560.37,578.557,768.475,1090.75,482.802,176.554,484.129,657.279,413.13,683.438,1446.08,1068.99,1429.62,1292.12,793.519,1843.3,9879.62,2799.45,540.628,2090.67,1094.44,1840.7,495.924,735.394
120.372244898,584.753,767.213,1253.16,1135.74,1532.52,1629.23,2374.14,730.186,884.057,1325.12,633.104,180.804,539.465,622.987,453.759,832.73,1528.58,1131.57,1469.46,1215.59,817.049,1608.4,8571.18,2484.66,449.577,1752.89,1029.04,1583.76,509.959,962.811
121.858321995,619.328,709.355,924.805,1147.17,1449.42,1429.06,2193.21,831.502,1068.47,1505.46,877.76,250.4,660.115,720.26,563.889,1008.07,1543.62,1194.12,1542.39,1120.06,842.872,1336.58,7234.11,2226.12,444.109,1299.02,976.422,1487.74,541.48,1167.36
123.344399093,593.386,579.551,656.617,1282.81,1575.67,1267.62,1946.18,797.1,1240.23,1504.1,1117.92,423.361,943.007,908.144,773.067,1199.32,1486.77,1247.02,1580.61,994.88,814.48,980.323,6016.36,2010.44,516.461,905.497,892.476,1494.03,581.85,1338.95
124.830476190,469.859,486.208,563.434,1769.43,2207.12,1258.22,1701.2,635.198,1363.66,1318.63,1321.15,718.928,1423.41,1103.17,1035.65,1400.07,1372.93,1277.55,1548.31,856.092,781.47,578.449,4925.3,1783.23,647.956,720.161,752.254,1476.75,596.248,1500.11
126.316553288,351.746,608.019,1055.21,3004.25,3551.07,1462.7,1437.65,433.547,1359.09,1100.4,1489.58,1065.47,1938.02,1277.36,1293.58,1585.14,1228.77,1254.54,1456.93,748.503,941.477,285.342,3967.41,1578.53,806.964,685.245,588.043,1315.14,565.222,1649.95
127.802630385,380.721,1017.55,2761.32,5531.53,5524.22,1901.35,1184.25,312.823,1218.91,929.848,1583.97,1350.77,2266.83,1421.16,1484.24,1683.62,1074.29,1157.29,1307.11,722.741,1432.65,234.396,3255.62,1422.02,938.094,675.972,464.239,1020.51,499.323,1721.43
129.288707483,602.451,1694.99,6039.1,9947.09,7549.25,2304.52,928.603,326.462,1003.19,821.518,1566.61,1486.86,2319.95,1518.63,1549.38,1637.06,901.932,966.811,1097.63,753.254,2256.67,398.457,2689.14,1296.02,995.738,619.974,396.033,682.561,446.116,1716.09
130.774784580,860.542,2387.62,10435.8,16671.5,8883.53,2336.05,730.926,452.155,773.675,718.861,1439.35,1421.19,2083.42,1552.1,1431.65,1452.09,743.523,708.932,854.849,752.93,3255.56,589.918,2202.67,1146.9,925.121,494.691,360.676,412.067,456.597,1530.68
132.260861678,1006.07,2757.96,14722.5,25534.9,9239.11,1993.64,581.999,600.699,598.707,600.352,1236.68,1194.79,1606.71,1481.58,1139.71,1179.09,615.749,454.62,627.326,673.03,4185.98,680.644,1790.34,960.778,741.457,330.355,337.898,259.326,525.291,1203.55
133.746938776,1030.16,2665.01,17511.2,35615.6,8695.75,1417.07,477.15,700.57,461.528,442.165,1036.18,892.671,1047.69,1264.67,768.549,874.453,501.506,272.824,418.554,516.095,4810.18,691.119,1384.47,788.818,562.442,198.165,302.003,202.523,586.917,844.051
135.233015873,958.472,2223.47,18259.3,45083.3,7586.02,818.734,420.189,716.844,357.936,293.417,838.868,637.682,583.952,928.643,415.415,628.805,409.309,177.64,263.847,338.769,5020.26,686.918,1015.96,678.355,432.857,132.194,250.502,201.922,614.01,553.086
136.719092971,830.75,1659.67,17515.6,51832.9,6361.84,384.121,397.516,676.255,305.384,194.059,653.012,480.363,292.749,569.247,179.58,479.926,334.819,154.76,175.437,196.076,4910.19,679.508,724.025,630.056,360.598,128.664,220.206,223.028,584.045,371.681
138.205170068,714.654,1199.31,16009,54519.8,5100.97,192.23,356.001,625.016,329.96,163.553,525.022,393.038,153.826,286.279,100.826,409.373,277.645,176.348,144.787,86.9837,4455.19,656.923,551.356,627.717,335.41,148.042,225.33,243.404,501.326,298.498
139.691247166,714.711,981.706,14066.5,53331.3,3877.02,284.274,342.341,626.948,426.388,175.315,463.268,337.172,103.259,115.986,137.361,381.704,254.66,217.513,149.314,58.7903,3690.44,683.186,492.892,613.19,329.536,183.339,259.565,248.842,446.769,323.934
141.177324263,879.61,889.38,11813.5,49728.8,2986.42,668.575,431.421,676.99,554.6,170.816,447.103,270.896,107.402,48.4948,183.986,383.311,268.913,226.069,169.85,156.647,2750.35,809.942,485.389,534.59,346.885,228.685,301.073,249.173,433.507,402.438
142.663401361,1146.82,794.175,9439.66,45784.5,2558.65,1268.65,626.118,771.435,663.136,147.647,468.907,215.47,140.752,49.0031,178.206,402.466,311.264,192.63,194.209,351.852,1833.92,1000.46,481.936,404.109,399.699,278.506,346.503,256.422,462.07,521.216
144.149478458,1384.46,795.581,7476.53,43211.3,2545.35,1864.34,878.237,847.277,717.759,135.518,519.227,219.459,189.298,101.503,154.662,403.152,345.027,157.673,203.827,590.193,1246.11,1203.52,456.856,269.719,502.9,335.778,384.042,293.855,489.866,663.262
145.635555556,1480.49,1014.77,6783.76,42674.9,2727.15,2055.31,1098.25,867.894,746.391,135.825,587.989,292.465,259.975,205.097,145.179,361.924,362.884,162.088,211.743,804.78,1221.34,1322.69,438.81,221.348,667.075,371.543,405.119,364.858,495.387,750.616
147.121632653,1320.5,1288.9,7986.44,44062.9,2955.51,1862.73,1140.35,852.232,730.615,156,671.011,436.615,345.82,325.99,168.555,281.703,366.041,231.467,238.042,912.352,1844.14,1317.23,482.555,296.123,838.111,394.751,413.382,440.292,518.163,719.472
148.607709751,1060.9,1487.59,10612.8,47039.5,3259.5,1448.13,1020.9,772.123,686.169,192.086,781.103,601.848,434.67,415.142,231.982,184.188,353.478,366.688,290.754,919.945,2847.86,1246.86,577.949,487.674,981.075,399.053,402.008,500.121,534.734,588.282
150.093786848,889.525,1526.84,13394.5,50914.7,3623.69,974.089,806.06,628.86,636.675,252.833,878.055,739.73,512.093,438.406,319.486,104.366,330.524,525.618,369.558,858.416,3756.12,1188.93,682.771,738.349,1064.26,397.007,363.796,518.501,531.229,446.426
151.579863946,816.42,1323.59,15330,54356.1,3927.27,601.566,551.807,485.846,602.656,318.977,922.174,820.994,577.476,388.446,402.544,58.1031,303.44,640.595,449.709,730.505,4292.28,1169.6,756.741,954.678,1082.73,375.017,319.067,495.987,518.385,303.616
153.065941043,796.246,1069.41,16195.9,55950.7,4083.76,345.512,310.45,383.869,572.627,352.617,909.864,840.265,606.915,294.93,462.7,49.9535,278.611,654.441,504.306,598.236,4506.31,1104.48,757.44,1094.1,1039.86,341.017,273.546,453.79,483.482,192.841
154.552018141,760.332,1023.13,16259.5,54614.4,4082.24,217.594,214.62,381.072,514.156,341.364,852.601,826.665,579.569,214.074,476.918,64.0328,244.458,589.412,526.375,535.38,4699.1,895.295,688.765,1146.24,958.1,336.029,206.453,400.175,471.246,181.552
156.038095238,675.191,1150.52,15790.8,49675.4,4073.28,282.647,330.398,486.912,448.461,290.628,819.016,802.318,550.406,187.03,474.022,81.1727,203.586,500.567,499.236,500.455,4992.59,667.217,704.094,1171.89,903.648,366.523,154.099,386.484,518.085,266.761
157.524172336,602.991,1288.34,14703.1,41594.6,4080.44,475.96,636.776,690.8,406.001,272.451,924.922,778.59,555.538,237.993,484.01,100.339,163.068,469.683,451.442,465.184,5274.95,691.868,1057.57,1300.47,902.647,438.902,164.549,485.536,598.097,414.559
159.010249433,570.169,1361.15,12665.3,31749.6,3814.75,711.433,1084.6,974.505,418.829,400.044,1195.73,785.48,599.825,346.667,532.874,123.73,139.687,539.049,417.128,448.883,5252.07,1050.46,1988.51,1668.39,980.547,543.2,287.978,708.916,681.005,594.777
160.496326531,578.808,1455.03,9749.89,21912.5,3154.03,969.352,1561.09,1271.85,527.156,723.816,1568,834.081,655.876,488.651,615.917,176.462,176.585,687.105,478.079,510.84,4764.16,1625.43,3469.08,2300.78,1176.53,720.955,585.339,1021.74,767.17,790.014
161.982403628,595.565,1642.61,6744.17,13411.4,2284.41,1228.06,1968.91,1521,714.774,1194.85,1909.66,903.564,710.444,624.598,700.235,291.599,304.436,832.122,641.673,662.723,3978.53,2240.29,5270.39,3097.54,1451.79,976.208,1031.66,1398,824.662,977.558
163.468480726,529.197,1750.95,4504.26,7147.07,1509.8,1420.33,2462.28,1444.24,1036.19,1771.14,2147.35,955.669,764.27,761.339,731.509,504.296,515.718,915.641,833.793,869.045,3130.14,2702.9,7082.88,3796.9,1691.67,1214.89,1417.09,1779.82,864.977,1057.6
164.954557823,435.892,1700.52,3275.16,3423.63,1236.36,1501.03,3074.6,1005.94,1599.54,2402.31,2237.38,985.173,865.023,915.254,752.934,839.607,773.545,987.656,990.091,1113.35,2374.43,2773.75,8465.93,4231.29,1856.48,1385.2,1610.25,2095.21,865.674,1037.16
166.440634921,412.445,1587.26,2880.43,1804.25,1569.85,1488.52,3735.12,506.039,2366.52,2987.47,2245.12,1076.35,1071.08,1106.21,842.062,1284.44,1050.71,1143.16,1072.07,1349.52,1746.45,2384.05,9174,4367.44,2014.83,1522.1,1632.62,2324.49,860.156,1013.93
167.926712018,497.889,1483.05,2929.57,1509,2259.79,1530.02,4289.12,258.125,3227.4,3415.59,2294.56,1298.88,1415.05,1340.9,1048.67,1778.64,1335.02,1454.8,1078.89,1501.01,1270.04,1711.38,9032.01,4251.54,2274.36,1667.77,1602.34,2481.09,924.042,1057.48
169.412789116,653.443,1403.15,3115.41,1801.97,2948.61,1761.85,4713.75,499.171,3978.66,3640.24,2422.66,1640.27,1867.86,1584.91,1362.36,2262.05,1616.22,1856.52,1068.66,1524.84,939.426,1114.93,8113.67,3977.88,2665.14,1883.64,1630.9,2591.4,1070.78,1202.17
170.898866213,867.376,1414.8,3258.05,2186.95,3426.19,2104.06,4825,1166.03,4419.06,3636.03,2589.02,2010.5,2272.37,1786.43,1723.04,2624.23,1840.41,2213.92,1063.08,1426.14,767.295,786.863,6724.47,3627.33,3073.03,2144.68,1759.79,2614.93,1250.23,1409.5
172.384943311,1109.41,1502.61,3208.27,2404.05,3593.08,2411.52,4640.75,1928.63,4449.16,3429.93,2663.71,2267.75,2467.92,1866.01,2005.83,2755.58,1954.91,2362.57,1078.97,1234.35,732.557,697.761,5140.93,3238.38,3297.84,2319.08,1897.18,2504.23,1385.54,1571.88
173.871020408,1267.33,1521.85,2849.9,2362.28,3348.37,2537.34,4116.37,2425.53,3999.43,3032.99,2523.41,2265.62,2352.42,1785.08,2071.1,2586.53,1904.97,2210.78,1068.05,999.477,752.706,716.531,3678.55,2772.67,3133.71,2275.68,1906.05,2211.18,1402.51,1598.98
175.357097506,1242.88,1381.86,2232.33,2050.12,2739.04,2369.72,3318.12,2433.65,3193.87,2484.7,2144.67,1950.68,1921.5,1544.6,1841.49,2146.59,1674.08,1801.16,972.161,762.808,722.212,708.935,2489.56,2215.4,2546.46,1955,1702.23,1782.06,1272.98,1439.3
176.843174603,1029.88,1086.22,1525.7,1532.86,1936.81,1904.28,2370.41,2010.13,2254.76,1833.81,1602.02,1408.42,1321.9,1176.27,1375.75,1541.6,1280.17,1275.04,761.709,547.238,583.042,611.329,1551.54,1593.61,1752.61,1468.71,1310.59,1269.22,1008.78,1105.48