TIME,30.0463,30.3998,30.7617,31.1323,31.512,31.901,32.2998,32.7087,33.128,33.5582,33.9998,34.4531,34.9187,35.397,35.8887,36.3941,36.9141,37.449,37.9998,38.5669,39.1513,39.7536,40.3748,41.0156,41.6772,42.3604,43.0664,43.7963,44.5515,45.3331,46.1426,46.9815,47.8516,48.7544,49.692,50.6664,51.6797,52.7344,53.833,54.9784,56.1736,57.4219,58.7269,60.0927,61.5234,63.024,64.5996,66.256,67.9996,69.8374,71.7773,73.8281,75.9995,78.3026,80.7495,83.3543,86.1328,89.1029,92.2852,95.7031,99.384,103.359,107.666,112.347,117.454,123.047,129.199,135.999,143.555,151.999,161.499,172.266,184.57,198.768,215.332,234.908,258.398,287.109,322.998,369.141,430.664
0.000000000,0.0292871,0.0635658,0.0328261,0.0298874,0.0180321,0.00627956,0.00577349,0.187696,1.22019,1.2055,0.15697,0,0.00243071,0.030763,0.0891627,0.0374171,0.020857,0.0130042,0.00624397,0.00674787,0.264898,1.36586,1.15745,0.0947483,0,0.00128735,0.0138568,0.0289782,0.02477,0.0288573,0.016424,0.0081317,0.00941949,0.329098,1.52882,1.13632,0.0602714,0,0.0015034,0.0169333,0.0294575,0.0109862,0.00445775,0.00564791,0.00285094,0.00277081,0.441782,1.62986,1.03569,0.0503057,7.5572e-05,0.00152054,0.0105475,0.0141057,0.00638871,0.00368784,0.00325196,0.0096729,0.006988,0.552952,1.6632,0.975516,0.0320179,0.00207577,0.00116047,0.00071351,0.000552863,0.00556885,0.0168334,0.0129317,0.00350246,0.00847758,0.683903,1.75868,0.875612,0.0165723,8.33415e-07,2.98937e-05,0.0011141,0.0100059,0.0167146
1.486077098,0.0578522,0.11727,0.0548225,0.0298874,0.0180321,0.00627956,0.00577349,0.209118,1.59988,1.51569,0.207263,0,0.00243071,0.0586454,0.131182,0.0456038,0.020857,0.0130042,0.00624397,0.00674787,0.299501,1.67033,1.36173,0.113681,0,0.00521372,0.0529367,0.0790011,0.0330938,0.0288573,0.016424,0.0081317,0.00941949,0.368566,1.7293,1.27173,0.0678862,0,0.0015034,0.0250887,0.0404753,0.0256648,0.0434652,0.02765,0.00285094,0.00277081,0.507995,1.85894,1.21826,0.0509199,7.5572e-05,0.00412061,0.0191737,0.0208816,0.0305471,0.0458453,0.0214467,0.0096729,0.006988,0.666279,2.01978,1.2052,0.0320179,0.00207577,0.00498869,0.0154066,0.0130738,0.0386305,0.0671906,0.0320927,0.00350246,0.00847758,0.852091,2.21862,1.13681,0.0165723,8.33415e-07,0.00626626,0.0172432,0.020433,0.0554462
2.972154195,0.0578522,0.11727,0.0548225,0.0298874,0.0180321,0.00627956,0.00577349,0.221654,1.71715,1.70676,0.234673,0.00235961,0.00243071,0.0586454,0.131182,0.0456038,0.020857,0.0130042,0.00624397,0.00674787,0.316961,1.82387,1.51003,0.14219,0,0.00521372,0.0529367,0.0790011,0.0330938,0.0288573,0.016424,0.0081317,0.00941949,0.381487,1.89242,1.4825,0.121101,0.00347153,0.0015034,0.0250887,0.0404753,0.0256648,0.0434652,0.02765,0.00285094,0.00277081,0.53055,2.08297,1.47825,0.0927328,7.5572e-05,0.00412061,0.0191737,0.0208816,0.0305471,0.0458453,0.0214467,0.0096729,0.006988,0.711502,2.33034,1.42321,0.0455869,0.00207577,0.00498869,0.0154066,0.0130738,0.0386305,0.0671906,0.0320927,0.00350246,0.00885036,0.920865,2.57309,1.27693,0.0207293,8.33415e-07,0.00626626,0.0172432,0.020433,0.0554462
4.458231293,0.0578522,0.11727,0.0548225,0.0298874,0.0180321,0.00627956,0.00616549,0.279435,1.87897,1.80528,0.235696,0.00235961,0.00243071,0.0586454,0.131182,0.0456038,0.020857,0.0130042,0.00624397,0.011314,0.385778,1.99588,1.65187,0.14393,0,0.00521372,0.0529367,0.0790011,0.0330938,0.0288573,0.016424,0.0081317,0.020077,0.46186,2.06347,1.56819,0.122174,0.00347153,0.0015034,0.0250887,0.0404753,0.0256648,0.0434652,0.02765,0.00285094,0.00564286,0.618809,2.27055,1.54679,0.0927328,7.5572e-05,0.00412061,0.0191737,0.0208816,0.0305471,0.0458453,0.0214467,0.0096729,0.0139035,0.785097,2.48877,1.57538,0.0702174,0.00207577,0.00498869,0.0154066,0.0130738,0.0386305,0.0671906,0.0320927,0.00350246,0.0163966,0.995951,2.77866,1.43569,0.0296381,8.33415e-07,0.00626626,0.0172432,0.020433,0.0554462
5.944308390,0.0578522,0.11727,0.0558461,0.0303912,0.0180321,0.00627956,0.00616549,0.282075,1.95913,1.85783,0.243919,0.00235961,0.00243071,0.0586454,0.131265,0.0460464,0.0208997,0.0130042,0.00624397,0.011314,0.403424,2.09633,1.69782,0.148291,0,0.00521372,0.0529367,0.0790435,0.0343344,0.0289747,0.016424,0.0081317,0.020077,0.474326,2.17026,1.6179,0.124235,0.00347153,0.0015034,0.0250887,0.0404753,0.0256648,0.0434652,0.02765,0.00285094,0.00564286,0.630854,2.34714,1.59091,0.0943279,7.5572e-05,0.00412061,0.0191737,0.0208816,0.0305471,0.0458453,0.0214467,0.0096729,0.0144972,0.810207,2.57947,1.60581,0.072377,0.00207577,0.00498869,0.0154066,0.0130738,0.0386305,0.0671906,0.0320927,0.00350246,0.0168599,1.05702,2.88248,1.46841,0.0303496,8.33415e-07,0.00626626,0.0172432,0.020433,0.0554462
7.430385488,0.0596157,0.123976,0.0748234,0.048572,0.0633667,0.0411839,0.00616549,0.28252,1.96991,1.89052,0.256904,0.00820223,0.00830104,0.060495,0.141279,0.0646392,0.022441,0.0131922,0.00661023,0.011314,0.405062,2.12132,1.73168,0.153089,0.00760499,0.0142482,0.0529367,0.0806511,0.0412632,0.0301558,0.016424,0.0081317,0.020077,0.477561,2.21794,1.65843,0.127712,0.00347153,0.0015034,0.0250887,0.0457785,0.0386721,0.0458522,0.02765,0.00285094,0.00564286,0.638923,2.41195,1.64098,0.0975997,7.5572e-05,0.00412061,0.0191737,0.0270513,0.0507513,0.0488628,0.0214467,0.0096729,0.0144972,0.824944,2.65736,1.66757,0.0732961,0.00207577,0.00498869,0.0154066,0.0139644,0.0396259,0.0671906,0.0320927,0.00350246,0.0168599,1.07719,2.96118,1.49958,0.0310632,8.33415e-07,0.00626626,0.0172432,0.0223035,0.0568349
8.916462585,0.080087,0.127055,0.0748234,0.048572,0.0644724,0.0753052,0.0481948,0.296207,1.96991,1.96259,0.318257,0.020555,0.00830104,0.060495,0.141352,0.0777392,0.0759395,0.0597677,0.0250683,0.0249618,0.409522,2.12132,1.73168,0.153089,0.00760499,0.03544,0.0798664,0.090753,0.0464089,0.0651403,0.0649026,0.0202378,0.020077,0.477561,2.21794,1.67026,0.158659,0.028382,0.00628133,0.0310662,0.0580599,0.0420471,0.0458522,0.02765,0.00285094,0.0227733,0.66095,2.42242,1.64138,0.102523,0.0112744,0.00725452,0.0191737,0.0270513,0.0507513,0.053031,0.0288279,0.0161702,0.0144972,0.827521,2.65901,1.66784,0.0732961,0.00207577,0.00498869,0.0236856,0.0334136,0.0548209,0.0687866,0.0320927,0.00350246,0.0168599,1.08102,2.97951,1.51984,0.0325189,0.00353848,0.00806352,0.0172432,0.0402852,0.0659149
10.402539683,0.080087,0.127055,0.0748234,0.048572,0.29626,0.892569,0.626612,0.296207,1.96991,1.96259,0.318257,0.020555,0.00830104,0.060495,0.262066,0.560428,0.389985,0.0630741,0.0250683,0.0249618,0.409522,2.12132,1.73168,0.153089,0.162253,0.77292,0.752486,0.109911,0.0464089,0.0651403,0.0649026,0.0202378,0.020077,0.477561,2.26084,1.92321,0.451017,0.0400747,0.00628133,0.0310662,0.0580599,0.0420471,0.0458522,0.02765,0.0443665,0.44075,1.3231,2.4873,1.64138,0.102523,0.0112744,0.00725452,0.0191737,0.0270513,0.0526024,0.191191,0.358344,0.0567074,0.0144972,0.827521,2.65901,1.66784,0.0732961,0.00207577,0.00836109,0.26905,0.594495,0.183764,0.0687866,0.0320927,0.00350246,0.0168599,1.08102,2.97951,1.52006,0.118031,0.234908,0.06393,0.0172432,0.0402852,0.0659149
11.888616780,0.080087,0.127055,0.0748234,0.048572,0.421443,1.88089,1.17461,0.326153,1.96991,1.96259,0.318257,0.020555,0.00830104,0.060495,0.30722,1.03296,0.777667,0.0886332,0.0250683,0.0249618,0.409522,2.12132,1.73168,0.153089,0.205575,1.70128,1.62632,0.213742,0.0464089,0.0651403,0.0649026,0.0202378,0.020077,0.477561,2.29957,2.56861,1.14346,0.112313,0.00628133,0.0310662,0.0580599,0.0420471,0.0458522,0.02765,0.115407,1.58785,2.62745,2.69297,1.64138,0.102523,0.0112744,0.00725452,0.0191737,0.0270513,0.0755348,0.885138,1.15344,0.236295,0.0144972,0.827521,2.65901,1.66784,0.0732961,0.00207577,0.0364273,1.22877,2.27818,0.680137,0.0687866,0.0320927,0.00350246,0.0168599,1.08102,2.97951,1.52047,0.666485,1.38952,0.496052,0.0174082,0.0402852,0.0659149
13.374693878,0.0523048,0.0736092,0.0627029,0.0479058,0.59783,2.42296,1.47372,0.323789,1.95965,1.95026,0.316711,0.020555,0.00587033,0.0315283,0.291898,1.2716,0.917424,0.0890692,0.0188244,0.0192103,0.407649,2.11571,1.72678,0.153089,0.302957,2.21892,2.00483,0.193272,0.0421373,0.0637751,0.060375,0.0121061,0.0107136,0.474173,2.33337,2.77615,1.31358,0.120533,0.00477793,0.0147417,0.0323409,0.0369667,0.0445784,0.0224277,0.149193,2.00359,3.1163,2.72152,1.63559,0.101924,0.0111988,0.00573398,0.00960129,0.0187569,0.0852237,1.03632,1.37575,0.24754,0.0104354,0.827073,2.65772,1.66671,0.0722791,0,0.0436943,1.54211,2.8395,0.764282,0.0543246,0.019465,0,0.0162635,1.07953,2.96895,1.51692,0.740817,1.61818,0.535389,0.017324,0.0375924,0.055379
14.860770975,0.0523048,0.0736092,0.0627029,0.0479058,0.661255,2.78609,1.7095,0.327757,1.78095,1.76123,0.270012,0.020555,0.00587033,0.0315283,0.29906,1.41539,1.07169,0.103615,0.0188244,0.0189349,0.395931,1.95043,1.58916,0.1239,0.317692,2.53187,2.329,0.247403,0.0421373,0.0637751,0.060375,0.0121061,0.0106575,0.461706,2.19372,2.81837,1.49961,0.162124,0.00477793,0.0147417,0.0323409,0.0369667,0.0445784,0.0224277,0.15031,2.30478,3.51774,2.71118,1.56339,0.0911788,0.0111988,0.00573398,0.00960129,0.0187569,0.0859469,1.18817,1.5869,0.31744,0.00890984,0.802188,2.55056,1.61182,0.0660987,0,0.0448267,1.82268,3.28644,0.913941,0.0543246,0.019465,0,0.0141603,1.04719,2.87556,1.47919,0.882026,1.87578,0.64173,0.017324,0.0375924,0.055379
16.346848073,0.0523048,0.0736092,0.0627029,0.0479058,0.805654,3.52662,2.15829,0.271423,1.43198,1.41112,0.256028,0.020555,0.00587033,0.0315283,0.34679,1.71316,1.22243,0.106617,0.0188244,0.0189349,0.295518,1.49742,1.1775,0.10959,0.394754,3.12946,2.85389,0.316516,0.0421373,0.0637751,0.060375,0.0121061,0.0106575,0.323184,1.68759,2.64603,1.6593,0.171565,0.00477793,0.0147417,0.0323409,0.0369667,0.0445784,0.0224277,0.182592,2.69831,3.8208,2.26165,1.23426,0.0867486,0.0111988,0.00573398,0.00960129,0.0187569,0.0890705,1.3065,1.73358,0.326035,0.00869174,0.622562,2.04155,1.33497,0.0633743,0,0.0519739,2.05742,3.72152,1.02347,0.0543246,0.019465,0,0.0135429,0.898328,2.44193,1.25445,0.946192,2.04008,0.666367,0.017324,0.0375924,0.055379
17.832925170,0.0523048,0.0736092,0.0627029,0.0479058,1.26513,4.83455,2.96223,0.24846,1.13597,1.13075,0.207498,0.020555,0.00587033,0.0315283,0.559269,2.3548,1.62161,0.109566,0.0188244,0.0182139,0.23987,1.16819,0.913265,0.0846277,0.642627,4.11708,3.60877,0.326941,0.0421373,0.0637751,0.060375,0.0121061,0.0106575,0.25022,1.35607,2.66851,1.97139,0.203933,0.00477793,0.0147417,0.0323409,0.0369667,0.0445784,0.0224277,0.220724,3.28185,4.50389,1.86752,0.880675,0.071753,0.0111988,0.00573398,0.00960129,0.0187569,0.0991817,1.54013,2.22051,0.438555,0.00837675,0.398002,1.40787,0.920968,0.0540425,0,0.0539371,2.66122,4.86771,1.36638,0.0543246,0.019465,0,0.0108887,0.555115,1.63669,0.84358,1.199,2.64899,0.878338,0.017324,0.0375924,0.055379
19.319002268,0.0523048,0.0736092,0.0627029,0.0479058,1.33032,5.42892,3.3483,0.237627,1.02334,1.03554,0.19876,0.020555,0.00587033,0.0315283,0.590585,2.57381,1.84531,0.126219,0.0188244,0.0182139,0.215734,1.04027,0.816014,0.0747301,0.654896,4.70044,4.20392,0.375955,0.0421373,0.0637751,0.060375,0.0121061,0.0106575,0.232454,1.24007,2.85635,2.25106,0.248851,0.00477793,0.0147417,0.0323409,0.0369667,0.0445784,0.0224277,0.239353,3.85481,5.15658,1.87937,0.814663,0.0606013,0.0111988,0.00573398,0.00960129,0.0187569,0.105189,1.79198,2.51956,0.556102,0.00750918,0.377202,1.2873,0.862348,0.0489878,0,0.057438,3.18413,5.82469,1.72595,0.0543246,0.019465,0,0.0087681,0.524001,1.4987,0.786203,1.47642,3.15152,1.08278,0.0174684,0.0375924,0.055379
20.805079365,0.0523048,0.0736092,0.0552118,0.0379533,1.44718,5.80261,3.55555,0.227116,0.950789,0.943269,0.175068,0.020555,0.00587033,0.0315283,0.641496,2.80445,2.04416,0.129311,0.0188244,0.0182139,0.19504,0.964059,0.74636,0.0659663,0.722754,5.06937,4.50313,0.376762,0.0421373,0.0637751,0.060375,0.0121061,0.0106575,0.200343,1.18722,3.04238,2.52682,0.264027,0.00477793,0.0147417,0.0323409,0.0369667,0.0445784,0.0224277,0.259642,4.28688,5.64492,1.79477,0.744149,0.0606013,0.0111988,0.00573398,0.00960129,0.0187569,0.113994,1.97189,2.84636,0.601853,0.00750918,0.339962,1.19014,0.803852,0.0489878,0,0.0621713,3.42798,6.34816,1.78732,0.0543246,0.019465,0,0.0087681,0.471054,1.38393,0.73008,1.58238,3.49982,1.22383,0.0174684,0.0375924,0.055379
22.291156463,0.0507999,0.0634889,0.0463312,0.0379533,1.45044,5.84895,3.57657,0.206299,0.86119,0.878172,0.162466,0.020555,0.00587033,0.029732,0.638339,2.88757,2.08188,0.132595,0.0188244,0.0182139,0.182699,0.902993,0.697856,0.0590112,0.724683,5.18464,4.58444,0.379705,0.0352013,0.061721,0.0600783,0.0121061,0.0106575,0.191906,1.13828,3.08895,2.59243,0.271192,0.00477793,0.0141329,0.0286024,0.0310609,0.0413945,0.0220021,0.260337,4.37391,5.74507,1.76122,0.704382,0.0524258,0.0111988,0.00573398,0.00862623,0.0129456,0.109694,2.05768,2.93568,0.622943,0.00750918,0.329704,1.14215,0.766762,0.0414791,0,0.0623818,3.55774,6.53552,1.82553,0.0519532,0.019161,0,0.00838234,0.4443,1.31545,0.692455,1.67111,3.65915,1.26941,0.0165617,0.0302793,0.0492003
23.777233560,0.0507999,0.0634889,0.0419974,0.0186846,1.45565,5.93793,3.62549,0.181703,0.74971,0.757089,0.161286,0.020555,0.00587033,0.029732,0.645982,2.9478,2.11747,0.128601,0.0188244,0.0182139,0.144623,0.755458,0.574227,0.0583407,0.73054,5.21905,4.61477,0.380262,0.0216389,0.036283,0.0484785,0.0121061,0.0106575,0.148463,0.961474,2.96595,2.61743,0.273292,0.00477793,0.0141329,0.0286024,0.0310609,0.0413945,0.0220021,0.261791,4.38137,5.69642,1.58747,0.60569,0.052217,0.0111988,0.00573398,0.00862623,0.0129456,0.110884,2.0684,2.95529,0.626126,0.00759091,0.274569,0.995802,0.692318,0.0412782,0,0.0625703,3.56513,6.55921,1.82894,0.0520727,0.019161,0,0.00838234,0.397112,1.22082,0.654232,1.68488,3.6985,1.27201,0.016669,0.0302793,0.0492003
25.263310658,0.0222348,0.00978483,0.0200009,0.0186846,1.69844,6.81155,4.22186,0.163902,0.370024,0.446902,0.110994,0.020555,0.00587033,0.00184958,0.727064,3.41333,2.42799,0.133275,0.0188244,0.0182139,0.110021,0.450988,0.369955,0.0394084,0.880549,5.95988,5.25833,0.352821,0.0133152,0.036283,0.0484785,0.0121061,0.0106575,0.108996,0.804016,3.08511,2.9002,0.288096,0.00477793,0.00597746,0.0175845,0.0163823,0.00238708,0,0.297627,4.80414,6.30559,1.42975,0.423121,0.0516028,0.0111988,0.00313391,0,0.00616973,0.0886137,2.15667,3.25159,0.667204,0.00759091,0.161241,0.639229,0.462632,0.0412782,0,0.0600715,3.79596,7.11891,1.93315,0.00171552,0,0,0.00838234,0.228924,0.760887,0.393031,1.76462,3.91473,1.32146,0.000539879,0.0198522,0.0104687
26.749387755,0.0222348,0.00978483,0.0200009,0.0186846,1.79725,7.69935,4.72297,0.187145,0.252752,0.255829,0.0835841,0.0181954,0.00587033,0.00184958,0.757269,3.79335,2.68555,0.159066,0.0188244,0.0182139,0.0925604,0.297447,0.221649,0.0108989,0.933414,6.89857,6.09313,0.451293,0.0133152,0.036283,0.0484785,0.0121061,0.0106575,0.0960744,0.683214,3.4633,3.36743,0.330691,0.00477793,0.00597746,0.0175845,0.0163823,0.00238708,0,0.374983,5.95814,7.52376,1.39682,0.16313,0.00978986,0.0111988,0.00313391,0,0.00616973,0.113977,2.77803,3.88876,0.807074,0.00759091,0.116018,0.328662,0.24462,0.0277092,0,0.0874896,4.7893,8.80197,2.40671,0.00171552,0,0,0.00800956,0.16015,0.406412,0.254129,2.2522,4.87393,1.60767,0.000539879,0.0198522,0.0104687
28.235464853,0.0222348,0.00978483,0.0200009,0.0186846,1.98831,8.29588,5.05865,0.129364,0.0909301,0.157309,0.0825613,0.0181954,0.00587033,0.00184958,0.842223,4.13793,2.94167,0.165874,0.0188244,0.0136478,0.0237436,0.125437,0.079813,0.00915911,1.02938,7.40962,6.51043,0.459712,0.0133152,0.036283,0.0484785,0.0121061,0,0.015701,0.556161,3.65227,3.67101,0.365014,0.00477793,0.00597746,0.0175845,0.0163823,0.00238708,0,0.407909,6.36957,7.98052,1.26433,0.0945885,0.00978986,0.0111988,0.00313391,0,0.00616973,0.126518,2.99303,4.26992,0.871294,0.000675372,0.042424,0.170234,0.0924499,0.00307867,0,0.0941937,5.10045,9.39975,2.5102,0.00171552,0,0,0.000463329,0.0850645,0.200843,0.0979976,2.40055,5.31478,1.79,0.000539879,0.0198522,0.0104687
29.721541950,0.0222348,0.00978483,0.0189774,0.0181809,2.05125,8.64683,5.28861,0.13986,0.010773,0.104757,0.0743383,0.0181954,0.00587033,0.00184958,0.849708,4.29506,3.11631,0.186969,0.0188244,0.0136478,0.00609809,0.0249845,0.033858,0.00479773,1.04332,7.71325,6.81966,0.508422,0.0120746,0.0361656,0.0484785,0.0121061,0,0.00323496,0.452032,3.76287,3.90007,0.414506,0.00477793,0.00597746,0.0175845,0.0163823,0.00238708,0,0.413245,6.67362,8.36719,1.28233,0.0504757,0.00819474,0.0111988,0.00313391,0,0.00616973,0.129812,3.15453,4.50193,0.947533,8.17271e-05,0.0173135,0.0795328,0.0620225,0.000919099,0,0.098831,5.36996,9.82137,2.64338,0.00171552,0,0,0,0.0239913,0.0970236,0.0668215,2.54409,5.58612,1.90365,0.00108032,0.0198522,0.0104687
31.207619048,0.0204712,0.00307837,0,0,2.14769,9.26763,5.6665,0.148137,0,0.0720711,0.0613527,0.0123528,0,0,0.885458,4.56452,3.26321,0.188773,0.0184581,0.0136478,0.00445989,0,0,0,1.11717,8.14645,7.16292,0.520451,0.00514574,0.0349845,0.0484785,0.0121061,0,0,0.422963,3.8762,4.00599,0.414506,0.00477793,0.00597746,0.0122814,0.00337505,0,0,0.445368,6.9222,8.64297,1.23247,0.000402315,0.00492297,0.0111988,0.00313391,0,0,0.113361,3.23325,4.63479,0.95555,8.17271e-05,0.00257717,0.00164972,0.000263893,0,0,0.104815,5.5116,10.1137,2.69415,0.00171552,0,0,0,0.00382594,0.0183229,0.0361297,2.58299,5.72771,1.91919,0.00108032,0.0179817,0.00907997
32.693696145,0,0,0,0,2.60412,10.3521,6.20358,0.139493,0,0,0,0,0,0,1.09699,5.04202,3.54489,0.144744,0,0,0,0,0,0,1.36262,8.86624,7.64876,0.568685,0,0,0,0,0,0,0.498369,4.13175,4.31499,0.429202,0,0,0,0,0,0,0.484449,7.55787,9.42476,1.41809,0,0,0,0,0,0,0.120943,3.48521,5.07843,1.06015,8.17271e-05,0,0,0,0,0,0.107697,6.19435,11.1638,3.06103,0.000119515,0,0,0,0,0,0.0160575,2.86259,6.32595,2.13993,0.00108032,0,0
34.179773243,0,0,0,0,2.4325,10.3549,6.28906,0.145655,0,0,0,0,0,0,1.01322,4.93141,3.51999,0.154299,0,0,0,0,0,0,1.21961,9.0896,7.97055,0.594561,0,0,0,0,0,0,0.462732,4.26398,4.33899,0.462623,0,0,0,0,0,0,0.461079,7.74396,9.58047,1.48239,0,0,0,0,0,0,0.124971,3.60047,5.11175,1.14913,8.17271e-05,0,0,0,0,0,0.107733,6.45899,11.7523,3.31127,0.000119515,0,0,0,0,0,0.0165249,3.0527,6.62797,2.2894,0.00109968,0,0
35.665850340,0,0,0,0,2.46291,9.88835,6.03807,0.115709,0,0,0,0,0,0,1.02484,4.71863,3.32621,0.12874,0,0,0,0,0,0,1.25354,8.63609,7.47087,0.49073,0,0,0,0,0,0,0.463157,3.83845,3.87062,0.400107,0,0,0,0,0,0,0.409327,7.01108,8.74966,1.29575,0,0,0,0,0,0,0.111263,3.06325,4.56914,1.00166,8.17271e-05,0,0,0,0,0,0.0834172,5.71717,10.5349,2.87179,0.000119515,0,0,0,0,0,0.0182984,2.60647,5.76217,1.98103,0.000934631,0,0
37.151927438,0,0,0,0,2.29009,9.46832,5.8005,0.122191,0,0,0,0,0,0,0.96416,4.57718,3.27078,0.141842,0,0,0,0,0,0,1.15833,8.33834,7.27754,0.522803,0,0,0,0,0,0,0.422541,3.77998,3.86952,0.430439,0,0,0,0,0,0,0.37269,6.88302,8.62808,1.34853,0,0,0,0,0,0,0.100137,3.06374,4.52934,1.03348,8.17271e-05,0,0,0,0,0,0.0749898,5.67478,10.4024,2.93037,0.000119515,0,0,0,0,0,0.0155527,2.64705,5.75212,2.01828,0.000811522,0,0
38.638004535,0,0,0,0,2.24983,9.20387,5.58727,0.108329,0,0,0,0,0,0,0.977958,4.50788,3.1327,0.127344,0,0,0,0,0,0,1.15192,8.06354,6.97527,0.468775,0,0,0,0,0,0,0.423829,3.65115,3.67576,0.389072,0,0,0,0,0,0,0.374649,6.59403,8.22779,1.24411,0,0,0,0,0,0,0.100067,2.92919,4.37421,0.976611,8.17271e-05,0,0,0,0,0,0.0744813,5.44262,10.0704,2.80702,0.000119515,0,0,0,0,0,0.0153593,2.5293,5.60958,1.94407,0.000811522,0,0
40.124081633,0,0,8.55538e-05,0.0240214,2.33284,8.58051,5.14215,0.0886236,0,0,0,0,0,0.00965177,1.09958,4.3761,2.98935,0.124342,0,0,0,0,0,0.00392134,1.1719,7.63573,6.47289,0.399663,0,0,0,0,0,0.00102003,0.441616,3.58016,3.55562,0.379749,0,0,0,0,0,0,0.353865,6.32377,7.81068,1.15428,0,0,0,0,0,0,0.102072,2.90217,4.31135,0.968845,8.17271e-05,0,0,0,0,0,0.0692152,5.25731,9.71714,2.70022,0.000119515,0,0,0,0,0,0.015043,2.48699,5.52732,1.92393,0.000811522,0,0
41.610158730,0,0,0.0414958,0.227133,2.07856,7.33646,4.34937,0.0886236,0.000605636,0.00779431,0.00300993,0,0.00203117,0.145901,1.20809,3.89828,2.61228,0.121393,0,0.00521612,0.00673143,0,0,0.059436,1.26099,6.95468,5.76067,0.389238,0,0.00421195,0.00920882,0,0,0.0109379,0.639335,3.75516,3.34689,0.356288,0,0.00246452,0.00813485,0,0,0.000879622,0.483741,6.29144,7.27186,1.055,0,0,0.0143007,0.0057494,0,0,0.18734,3.24804,4.21379,0.876962,8.17271e-05,0,0.0102113,0.0138511,0,0,0.114349,5.19011,9.13568,2.4338,0.000119515,0,0,0,0,0,0.0241439,2.63443,5.52187,1.8685,0.000811522,0,0
43.096235828,0.00517201,0.0392295,0.247093,0.478582,2.03161,6.74228,3.9633,0.0823324,0.00828193,0.00832084,0.00300993,0.0101163,0.109134,0.410667,1.23664,3.67947,2.38858,0.104741,0.00295759,0.00654062,0.00673143,0.000987118,0.03586,0.288897,1.44917,6.39083,5.16553,0.340224,0.00378479,0.00736309,0.00923654,0,0.00826456,0.11929,0.907459,3.54697,3.06046,0.31137,1.88425e-05,0.00971583,0.00951516,0,0.00553769,0.0445843,0.692669,5.8953,6.60616,0.934257,0.000118191,0.00541286,0.0166033,0.0057494,0,0.0145326,0.313571,3.22021,3.99559,0.779774,8.17271e-05,0.00107502,0.0182236,0.0139131,0,0.00799202,0.156266,4.85485,8.35894,2.10564,0.00084378,0,0.00747727,0.0194798,0.00202121,0.00164254,0.0459957,2.55245,5.38,1.71579,0.000781454,0,0.0027778
44.582312925,0.0116645,0.141006,0.442106,0.535772,1.91359,6.36859,3.75605,0.0907039,0.0123125,0.00832084,0.00300993,0.0420236,0.292054,0.563266,1.2106,3.44535,2.18523,0.105711,0.0111876,0.00654062,0.00673143,0.00327443,0.135602,0.530252,1.47386,6.0237,4.86631,0.339416,0.00420046,0.0076092,0.00923654,0,0.042404,0.346619,1.11307,3.33223,2.7847,0.296195,0.000209413,0.010133,0.00951516,0,0.00613221,0.150693,0.939915,5.57645,6.07763,0.908575,0.000118191,0.0057206,0.0169076,0.0057494,0,0.043043,0.499725,3.24374,3.70129,0.734022,8.17271e-05,0.0011114,0.0186558,0.0139428,0,0.00925701,0.233339,4.81844,7.9374,2.04565,0.00084378,0,0.00762326,0.0195105,0.00202121,0.00164254,0.0635932,2.5936,5.18752,1.58989,0.000781454,0,0.00298193
46.068390023,0.139129,0.4241,0.539968,0.539074,1.91033,6.32224,3.73503,0.0883399,0.0123125,0.00832084,0.0199764,0.257653,0.542821,0.618885,1.20266,3.35719,2.14751,0.102428,0.0111876,0.00654062,0.00849603,0.0704122,0.420873,0.702624,1.48587,5.90844,4.78407,0.330304,0.0111675,0.00928389,0.00923654,0.00463586,0.185632,0.615166,1.18345,3.24592,2.71059,0.289029,0.00746267,0.0175036,0.00951516,0,0.019935,0.352406,1.14729,5.51961,5.96247,0.885566,0.000118191,0.0183102,0.0232167,0.0057494,0.000925528,0.09647,0.754084,3.29336,3.62314,0.712933,8.17271e-05,0.00662236,0.0282987,0.0139428,0,0.0126024,0.385254,4.98301,7.85173,2.00693,0.00084378,0.000778165,0.0202951,0.0220822,0.00202121,0.00164254,0.104401,2.78658,5.29893,1.57941,0.000781454,0,0.00350235
47.554467120,0.432078,0.551497,0.543861,0.539664,1.89284,6.23851,3.70355,0.0879626,0.0123125,0.0152601,0.143957,0.502588,0.654569,0.620426,1.19577,3.29251,2.10189,0.102049,0.0111876,0.00654062,0.013416,0.183727,0.644688,0.751395,1.48059,5.87455,4.75374,0.336432,0.0123211,0.00928389,0.00923654,0.0205238,0.347637,0.823351,1.19407,3.22545,2.6852,0.290424,0.013484,0.0175036,0.00951516,0,0.0551165,0.564774,1.29383,5.51599,5.953,0.883937,0.00696266,0.0258659,0.0232167,0.0057494,0.000925528,0.171894,0.994258,3.37939,3.60352,0.70975,0,0.0164006,0.0313368,0.0139428,0,0.0230231,0.537427,5.21871,7.85948,2.00351,0.000724266,0.00261136,0.0278652,0.0220822,0.00202121,0.00164254,0.136969,2.97384,5.41667,1.58285,0.000674129,0,0.00890286
49.040544218,0.703398,0.658294,0.557232,0.539664,1.65005,5.36489,3.10719,0.0847883,0.0124095,0.051789,0.462682,0.759834,0.692665,0.620426,1.07267,2.8188,1.79136,0.0973753,0.0113194,0.00767857,0.0708806,0.546844,0.790859,0.756812,1.33058,5.12979,4.0711,0.313851,0.0123211,0.0106642,0.00969338,0.182628,0.745813,0.990566,1.17133,2.97088,2.39482,0.275619,0.013484,0.0175036,0.0107295,0.00654719,0.254937,0.969265,1.40726,5.11022,5.27761,0.812582,0.00696266,0.0258659,0.0239211,0.0069108,0.00554131,0.43958,1.30618,3.29149,3.28928,0.66891,0,0.0164006,0.0313368,0.0144422,0.000590969,0.0549608,0.778128,5.1666,7.29153,1.86752,0.00110749,0.00261136,0.0278652,0.0220822,0.00261089,0.00197591,0.213638,3.19435,5.37556,1.53076,0.00116332,0,0.00890286
50.526621315,0.729233,0.658294,0.557232,0.539664,1.55124,4.4771,2.60608,0.0594129,0.0937968,0.314138,0.657381,0.790242,0.692665,0.620426,1.04246,2.43878,1.53381,0.0715849,0.0215437,0.0950045,0.347333,0.749527,0.814201,0.756812,1.27771,4.1911,3.2363,0.215379,0.0123211,0.0281741,0.113516,0.40791,0.89994,1.00422,1.12901,2.38192,1.87438,0.229553,0.013484,0.0175036,0.021833,0.0954198,0.504144,1.10963,1.33744,3.95623,4.03688,0.621488,0.00696266,0.0258659,0.0239211,0.0221161,0.0932072,0.619156,1.50291,2.79763,2.67581,0.52904,0,0.0164006,0.0313368,0.0144422,0.00459783,0.109233,1.0808,4.52725,5.68442,1.39396,0.00110749,0.00261136,0.0278652,0.0220822,0.00261089,0.0165612,0.291886,3.15614,4.77423,1.29296,0.00116332,0,0.00890286
52.012698413,0.729233,0.659794,0.572922,0.556478,1.36018,3.88056,2.27001,0.0645802,0.1665,0.410359,0.66936,0.790242,0.692665,0.630308,0.966806,2.0942,1.27768,0.0647766,0.0233796,0.174104,0.456387,0.774166,0.814201,0.756812,1.18689,3.68458,2.819,0.20696,0.0123211,0.0293517,0.200461,0.53806,0.940423,1.00422,1.08502,2.10726,1.56972,0.195231,0.013484,0.0175036,0.021833,0.167118,0.631086,1.16306,1.30452,3.54192,3.49187,0.566388,0.00696266,0.0258659,0.0239211,0.0221161,0.161123,0.748635,1.55236,2.58262,2.29465,0.46482,0,0.0164006,0.0313368,0.0144422,0.00459783,0.179634,1.21434,4.28413,5.08664,1.29047,0.00110749,0.00261136,0.0278652,0.0220822,0.00261089,0.0165612,0.357253,3.13606,4.4046,1.11064,0.00116332,0,0.00890286
53.498775510,0.729905,0.659964,0.583197,0.574574,1.29916,3.52965,2.04048,0.0586646,0.179535,0.413889,0.6695,0.790851,0.694489,0.643947,0.977128,1.9387,1.10303,0.0439244,0.0305062,0.192101,0.466429,0.774271,0.814939,0.758318,1.18769,3.40445,2.51171,0.158208,0.0124838,0.0338008,0.223831,0.558705,0.940486,1.00489,1.08299,1.96198,1.36588,0.147526,0.0134845,0.0176957,0.0255417,0.214274,0.684708,1.16571,1.29936,3.23825,3.10279,0.50438,0.0107098,0.0260058,0.0240329,0.0245488,0.213009,0.828328,1.5566,2.42112,2.06289,0.395073,0.0269578,0.019223,0.0314319,0.0144422,0.00569797,0.230525,1.31229,4.02755,4.66502,1.15729,0.00417076,0.0238578,0.0316187,0.0220822,0.00261089,0.0169764,0.404647,3.1178,4.15811,0.996985,0.00062288,0.000833906,0.0236592
54.984852608,0.73127,0.667917,0.59092,0.574574,1.15739,2.87394,1.66331,0.0533441,0.188972,0.418749,0.6695,0.790851,0.694489,0.645716,0.938439,1.65293,0.95523,0.0428556,0.0319775,0.196547,0.470316,0.774328,0.815257,0.759133,1.11109,2.97228,2.16877,0.144791,0.0124838,0.0345403,0.225652,0.568212,0.951102,1.00805,1.06439,1.80876,1.25789,0.147901,0.0135867,0.0181225,0.0288096,0.220513,0.687272,1.16571,1.26732,2.99003,2.82036,0.491269,0.0107636,0.0262678,0.0244143,0.0246465,0.213042,0.828442,1.55293,2.33972,1.93023,0.387088,0.0269752,0.0192804,0.0315118,0.0147397,0.00582443,0.231787,1.31148,3.88832,4.3719,1.10558,0.00417076,0.026724,0.0341307,0.022565,0.00281467,0.0169764,0.40526,3.0824,4.01849,0.981649,0.000624521,0.00141062,0.0281756
56.470929705,0.73127,0.667922,0.590941,0.612958,0.791467,1.80768,1.0842,0.0483014,0.188972,0.418749,0.6695,0.791139,0.694619,0.645765,0.726835,1.16232,0.620051,0.0998445,0.112849,0.225611,0.470316,0.774328,0.815257,0.759133,0.865646,2.23129,1.69142,0.1829,0.0779315,0.0394587,0.226985,0.568212,0.951102,1.00805,0.989198,1.5416,0.918006,0.108294,0.0135867,0.0181225,0.0580407,0.264243,0.70351,1.16608,1.22877,2.33727,2.01655,0.295187,0.0107636,0.0754918,0.128921,0.0731191,0.216776,0.876964,1.58926,2.09215,1.4792,0.275991,0.0270416,0.0193259,0.0315118,0.0210283,0.0299741,0.254472,1.31364,3.1973,3.30233,0.723511,0.00420341,0.0267505,0.0341392,0.022565,0.00281467,0.0169764,0.405074,2.80134,3.45126,0.811188,0.020171,0.00141062,0.0281756
57.957006803,0.731366,0.668056,0.590978,0.612958,0.731303,0.989374,0.423533,0.0434817,0.188972,0.418749,0.6695,0.791139,0.694627,0.645765,0.694443,0.80012,0.352892,0.126392,0.147158,0.235993,0.470316,0.774328,0.815257,0.759191,0.854137,1.27053,0.697008,0.137866,0.0878547,0.0631945,0.245814,0.568212,0.951102,1.00805,0.981931,1.15646,0.601788,0.0631807,0.0135867,0.0561113,0.152904,0.328017,0.710809,1.16608,1.21063,1.73321,1.19903,0.166323,0.0107636,0.0754918,0.128921,0.0826072,0.243906,0.890204,1.58339,1.83873,1.11637,0.146473,0.0270416,0.0193259,0.0315118,0.0210283,0.0992347,0.403026,1.39372,2.6873,2.15272,0.344327,0.00425931,0.0270597,0.0345365,0.022565,0.00281467,0.0169764,0.411865,2.53084,2.91787,0.605856,0.0201516,0.00170693,0.028608
59.443083900,0.752515,0.668056,0.592085,0.617251,0.595042,0.498695,0.148794,0.0474998,0.189457,0.420184,0.678592,0.793249,0.694627,0.645765,0.637661,0.542995,0.186229,0.174665,0.191335,0.261899,0.488088,0.791457,0.825672,0.762793,0.776923,0.79572,0.322855,0.148977,0.115532,0.0831933,0.256431,0.574976,0.952517,1.00813,0.943269,0.936614,0.37772,0.0570137,0.0268926,0.0863066,0.186597,0.342673,0.712047,1.16608,1.19219,1.32516,0.731791,0.150808,0.0145694,0.0780246,0.133417,0.0905548,0.248552,0.891502,1.57509,1.682,0.863886,0.114357,0.0270416,0.0201718,0.0340366,0.0257122,0.116468,0.437184,1.42099,2.483,1.68911,0.287432,0.00425931,0.0270597,0.0345462,0.0225757,0.00290763,0.0197042,0.419091,2.45007,2.64386,0.482101,0.0201516,0.00170693,0.028608
60.929160998,0.757063,0.680082,0.6008,0.62134,0.592338,0.371742,0.0843518,0.0455306,0.192019,0.423798,0.683534,0.795866,0.696971,0.657591,0.653757,0.430467,0.100523,0.156737,0.194232,0.270582,0.497946,0.795824,0.825747,0.762793,0.777091,0.587504,0.142112,0.12159,0.115538,0.0833205,0.257107,0.581494,0.95944,1.01076,0.946406,0.798195,0.230611,0.0258542,0.0326681,0.0872132,0.187265,0.39563,0.769336,1.18051,1.20112,1.05259,0.385737,0.0709325,0.0303068,0.0937211,0.142736,0.123683,0.283594,0.917176,1.58011,1.52975,0.678559,0.0671208,0.0532109,0.088,0.0681975,0.0400397,0.125979,0.454617,1.42449,2.23517,1.26629,0.145215,0.0225635,0.0678524,0.0609567,0.0436983,0.00315872,0.0197042,0.429204,2.38113,2.52818,0.436446,0.0217484,0.00256885,0.0404204
62.415238095,0.757741,0.680287,0.601115,0.621905,0.569573,0.273302,0.0619135,0.0459155,0.193979,0.425306,0.684189,0.796093,0.69712,0.657943,0.63335,0.356736,0.0850391,0.156927,0.194309,0.270855,0.498189,0.796424,0.827077,0.764547,0.770314,0.54977,0.120299,0.121948,0.116546,0.0845224,0.258314,0.582281,0.960112,1.0113,0.944114,0.784223,0.221215,0.0259231,0.0329146,0.0874869,0.187734,0.396532,0.770025,1.18061,1.19836,1.04064,0.370559,0.0708184,0.0320622,0.0942632,0.143339,0.125044,0.284238,0.917677,1.58045,1.51289,0.622665,0.0544517,0.0535532,0.0883372,0.0706406,0.044704,0.128922,0.456506,1.42508,2.18687,1.15145,0.119105,0.0226205,0.0679438,0.0614464,0.0446197,0.00561825,0.026864,0.436424,2.3587,2.41489,0.404872,0.0218688,0.00284521,0.0406841
63.901315193,0.759374,0.680401,0.601599,0.598202,0.34237,0.156655,0.0590178,0.0466548,0.194382,0.425726,0.68439,0.796464,0.697412,0.648756,0.464651,0.192767,0.0823478,0.158026,0.194394,0.271257,0.498583,0.80235,0.86077,0.79426,0.678474,0.380194,0.0978183,0.122054,0.116553,0.0845528,0.258565,0.582641,0.960174,1.01031,0.907467,0.633436,0.177696,0.0270578,0.0353574,0.0909104,0.188646,0.396634,0.770071,1.18089,1.18695,0.917422,0.304626,0.0705144,0.0321587,0.094853,0.143471,0.125107,0.284355,0.918889,1.57916,1.42258,0.539679,0.0540954,0.0536682,0.0887417,0.0719357,0.0459392,0.129266,0.456882,1.42335,2.1375,1.06976,0.116518,0.0226731,0.068006,0.0616155,0.0446508,0.00567712,0.0269361,0.43599,2.33501,2.3329,0.400492,0.0219171,0.00296789,0.0407786
65.387392290,0.759431,0.694504,0.574058,0.396316,0.13782,0.0936631,0.048196,0.0467076,0.196075,0.42054,0.684882,0.819807,0.716903,0.513152,0.143706,0.0289481,0.0630318,0.164566,0.202374,0.267179,0.491868,0.810852,0.869344,0.747602,0.346526,0.0764666,0.0558938,0.122054,0.117821,0.0806034,0.249397,0.582902,0.962685,1.00438,0.632135,0.138437,0.0537574,0.0181593,0.0422211,0.0930135,0.196707,0.4302,0.78799,1.18001,1.01921,0.36606,0.0466336,0.0552155,0.0709084,0.151866,0.156632,0.119357,0.284355,0.919934,1.56679,0.945816,0.174507,0.0343518,0.0536682,0.0887417,0.0617358,0.0421127,0.136566,0.461739,1.37779,1.60137,0.505024,0.0400285,0.0227,0.0810376,0.0808842,0.0517213,0.00586276,0.0269361,0.425499,1.93126,1.72948,0.243952,0.0259966,0.0269088,0.0597727
66.873469388,0.754539,0.664606,0.412394,0.183856,0.120453,0.1296,0.0688031,0.0641158,0.2197,0.434064,0.684946,0.811519,0.618062,0.255743,0.0849608,0.0556143,0.0887209,0.176367,0.204562,0.268154,0.492032,0.811277,0.847902,0.558894,0.146599,0.0823659,0.0732501,0.124629,0.132903,0.0921419,0.249417,0.582932,0.956355,0.902956,0.356449,0.0779171,0.0733721,0.0275121,0.0452538,0.0882618,0.195413,0.430572,0.78536,1.14678,0.792177,0.200509,0.0581624,0.0568297,0.0754584,0.150319,0.154457,0.120056,0.285521,0.909613,1.43463,0.724161,0.103572,0.0164535,0.0555679,0.0891718,0.0537297,0.0421725,0.136585,0.453756,1.33262,1.4151,0.339397,0.00956973,0.0219758,0.0810376,0.0734069,0.0343738,0.0142407,0.0347368,0.402902,1.73216,1.37225,0.195603,0.0335306,0.0337813,0.0727404
68.359546485,0.754883,0.563905,0.217381,0.126665,0.142067,0.502557,0.350274,0.0567537,0.21567,0.43407,0.693215,0.785037,0.435142,0.103145,0.0602045,0.266091,0.295229,0.174858,0.196332,0.268154,0.500446,0.813044,0.74816,0.317538,0.0540843,0.423745,0.4332,0.142083,0.132487,0.0918958,0.259048,0.594293,0.922216,0.675628,0.114296,0.230623,0.286414,0.0513542,0.0450632,0.0878447,0.200953,0.43299,0.784765,1.04067,0.524646,0.403687,0.477947,0.127784,0.0754584,0.150011,0.155826,0.120513,0.285521,0.881103,1.23968,0.678262,0.310901,0.0698533,0.0555679,0.0891355,0.0575448,0.0451701,0.136585,0.452491,1.25082,1.43452,0.624959,0.126781,0.0219758,0.0810376,0.0745017,0.037761,0.014403,0.0347368,0.382983,1.67466,1.38713,0.235822,0.0335306,0.0337813,0.0746314
69.845623583,0.634843,0.282564,0.119519,0.123364,0.222658,1.0159,0.604405,0.0567537,0.21567,0.43407,0.678877,0.569407,0.184375,0.0475256,0.103534,0.584521,0.493402,0.174942,0.196332,0.268154,0.507676,0.751446,0.46289,0.145166,0.0817295,0.886172,0.873255,0.142112,0.12552,0.0902211,0.263257,0.591554,0.778987,0.407081,0.0511056,0.491622,0.651276,0.0514557,0.03781,0.0804741,0.209185,0.443884,0.770962,0.838963,0.323745,0.69004,1.09054,0.127807,0.0754584,0.137421,0.158125,0.135821,0.284596,0.827676,0.984758,0.685835,0.770627,0.0800716,0.0555679,0.0836245,0.052281,0.0641549,0.136585,0.449146,1.09871,1.34216,1.31381,0.163362,0.0219758,0.0802594,0.0639633,0.0576937,0.014403,0.0347368,0.342207,1.49328,1.70867,0.268751,0.0335306,0.0337813,0.074111
71.331700680,0.342441,0.155167,0.115626,0.122774,0.272905,1.32731,0.761509,0.0573364,0.21567,0.42713,0.554897,0.324473,0.0726278,0.0459843,0.122397,0.798038,0.644761,0.172166,0.196332,0.268154,0.502756,0.638131,0.239075,0.096396,0.0912044,1.14203,1.09418,0.142523,0.124367,0.0902211,0.263257,0.575666,0.616983,0.198896,0.0440806,0.680493,0.846318,0.0537454,0.0317886,0.0804741,0.209185,0.443884,0.735781,0.626594,0.175744,0.947471,1.38433,0.16109,0.0686139,0.129866,0.158125,0.135821,0.284596,0.752252,0.743393,0.76363,1.00256,0.110417,0.0555679,0.0738463,0.049243,0.0641549,0.136585,0.438725,0.946353,1.33036,1.62775,0.250001,0.0219758,0.0784263,0.0563932,0.0576937,0.014403,0.0347368,0.308629,1.42422,1.84326,0.331196,0.0335306,0.0337813,0.0687105
72.817777778,0.0714953,0.0484601,0.102255,0.122774,0.288866,1.5476,0.856141,0.057955,0.215573,0.390963,0.238465,0.0673549,0.0345311,0.0459843,0.126301,0.911336,0.71538,0.176286,0.196201,0.267016,0.446101,0.27517,0.0929034,0.0909789,0.103651,1.34072,1.23134,0.148892,0.124367,0.0888769,0.264442,0.413561,0.218806,0.0316802,0.0272024,0.804223,0.95416,0.0668105,0.0317886,0.0804741,0.208761,0.437526,0.535961,0.222103,0.0300896,1.09222,1.57233,0.172042,0.0686139,0.129866,0.15903,0.134931,0.27998,0.484566,0.431629,0.812529,1.13659,0.124683,0.0555679,0.0738463,0.049721,0.0639837,0.135994,0.406787,0.704575,1.22761,1.84072,0.261204,0.0215926,0.0784263,0.0563932,0.0576937,0.0138133,0.0344035,0.232134,1.17155,1.82869,0.349887,0.0330414,0.0337813,0.0687105
74.303854875,0.0476802,0.0511967,0.102255,0.122774,0.375048,1.87233,1.09466,0.0475511,0.134185,0.128614,0.0445959,0.0374012,0.0345311,0.0459843,0.175168,1.06862,0.830912,0.176286,0.185976,0.17969,0.170878,0.0753143,0.0695607,0.0909789,0.128747,1.53769,1.46024,0.153446,0.124367,0.071367,0.161837,0.189736,0.0646792,0.0180298,0.0359453,0.867416,1.03714,0.0681858,0.0317886,0.0804741,0.198196,0.35168,0.286902,0.0817415,0.0231611,1.21575,1.77889,0.19536,0.0686139,0.129866,0.159743,0.120656,0.192314,0.304989,0.209533,0.733368,1.20488,0.146329,0.0555679,0.0738463,0.049955,0.0664217,0.13255,0.352515,0.374486,0.982689,1.97738,0.322916,0.0215926,0.0784263,0.0578868,0.0602824,0.0142731,0.0198182,0.152666,0.759778,1.55745,0.337601,0.0330414,0.0337813,0.0687105
75.789931973,0.0499894,0.0525719,0.0865652,0.10596,0.420063,2.42189,1.43481,0.0425578,0.0614823,0.0323929,0.044596,0.0433515,0.0345311,0.0361024,0.171898,1.33991,1.06685,0.178681,0.18414,0.10059,0.0657527,0.0575944,0.0695607,0.0909789,0.135721,2.02497,1.88476,0.159926,0.124367,0.0701893,0.0847539,0.0724438,0.024196,0.0180298,0.0439151,1.13848,1.279,0.0864816,0.0317886,0.0804741,0.198196,0.279982,0.159959,0.0283062,0.0275977,1.62118,2.22938,0.232548,0.0686139,0.129866,0.159743,0.120656,0.124398,0.17551,0.149665,0.971354,1.49146,0.205031,0.0555679,0.0738463,0.049955,0.0664217,0.13255,0.282114,0.234396,1.2533,2.57516,0.442859,0.0215926,0.0784263,0.0578868,0.0602824,0.0142731,0.0198182,0.0846765,0.823311,1.84975,0.460735,0.0330414,0.0337813,0.0687105
77.276009070,0.0603433,0.0542459,0.0762901,0.0878638,0.452383,2.75358,1.56698,0.0355554,0.0484473,0.0288632,0.0532462,0.0427804,0.0327072,0.0224636,0.160068,1.52369,1.18842,0.180005,0.177014,0.0825935,0.0648438,0.0630671,0.068823,0.0894728,0.14028,2.29339,2.14794,0.161144,0.124204,0.0657403,0.0652697,0.0536728,0.0241331,0.0173546,0.0445209,1.25312,1.45245,0.0863646,0.0317881,0.0802819,0.200956,0.240794,0.106337,0.0256608,0.0307948,1.8173,2.56551,0.201352,0.0648667,0.129726,0.163677,0.129762,0.0725126,0.0958176,0.143237,1.02399,1.74271,0.204457,0.0286101,0.0710238,0.0536668,0.0811506,0.13145,0.231223,0.131993,1.33763,2.98327,0.453655,0.0185293,0.0571798,0.054929,0.0723703,0.0142731,0.0194029,0.035957,0.718087,2.08704,0.481326,0.0330414,0.0329474,0.0540745
78.762086168,0.0589786,0.046293,0.0685672,0.0878638,0.484676,2.97268,1.66273,0.0324307,0.0390101,0.0240034,0.0532462,0.0427804,0.0327071,0.0206948,0.164573,1.67914,1.25825,0.180592,0.175543,0.0781477,0.0624394,0.0630099,0.0685049,0.0886577,0.13958,2.49736,2.2968,0.167766,0.124204,0.0650008,0.0671142,0.0452696,0.013517,0.014201,0.0520124,1.43508,1.58855,0.0893895,0.0316859,0.0798552,0.198513,0.234627,0.103773,0.0256608,0.0307115,2.05733,2.83628,0.232876,0.064813,0.129464,0.164872,0.131653,0.0724797,0.0957035,0.143151,1.18333,1.92104,0.222809,0.0285927,0.0709664,0.0541582,0.0820361,0.131323,0.229961,0.126811,1.52789,3.28059,0.523534,0.0185293,0.0543136,0.0541,0.0746406,0.0140693,0.0194029,0.0348679,0.809412,2.30396,0.525015,0.0330398,0.0323707,0.0495581
80.248163265,0.0610175,0.0465361,0.0685456,0.0494794,0.3961,2.96968,1.68122,0.0324585,0.0390101,0.024037,0.0582752,0.0427858,0.0325774,0.0206457,0.171903,1.76155,1.30024,0.12122,0.0946707,0.0490836,0.0652367,0.0649328,0.0685049,0.0886577,0.149199,2.58357,2.32336,0.0728329,0.0587564,0.0600824,0.0670949,0.0457526,0.013517,0.014201,0.0552029,1.50592,1.64171,0.0908245,0.0316859,0.0798552,0.169873,0.191975,0.0875355,0.0252926,0.0313206,2.13001,2.92702,0.235147,0.064813,0.0802398,0.0607758,0.0841473,0.0687449,0.0471813,0.101721,1.22609,2.02947,0.229677,0.0285263,0.070921,0.0541582,0.0784015,0.107197,0.207276,0.122344,1.56955,3.42909,0.52931,0.0184966,0.0542871,0.0540915,0.075765,0.0141941,0.0194029,0.0349686,0.838868,2.41945,0.490548,0.0134933,0.0323707,0.0495581
81.734240363,0.0653099,0.0492709,0.0685086,0.0494794,0.407181,3.0319,1.72878,0.0311162,0.0390101,0.0240414,0.059435,0.043739,0.0325693,0.0206457,0.175742,1.79316,1.32867,0.0818113,0.0603616,0.0387078,0.0677298,0.0689424,0.0685049,0.0885993,0.151961,2.60876,2.35466,0.0732675,0.0488332,0.036347,0.0491832,0.0463431,0.013517,0.014201,0.0555664,1.51939,1.66621,0.0911853,0.0316859,0.0418663,0.0750961,0.130646,0.0802358,0.0252926,0.0313342,2.13699,2.9394,0.235263,0.064813,0.0802398,0.0626336,0.0772883,0.0416154,0.0339414,0.101721,1.23718,2.05118,0.235087,0.0285263,0.070921,0.0545626,0.0809433,0.0379768,0.0587226,0.0388545,1.57744,3.44876,0.537133,0.0184407,0.0539779,0.0540332,0.0764046,0.0141941,0.0194029,0.0274931,0.853004,2.45062,0.499208,0.0134933,0.0320744,0.0495952
83.220317460,0.0451461,0.0508751,0.0674016,0.0451867,0.389407,3.30167,1.85306,0.0275664,0.0385249,0.0226066,0.0569633,0.0457487,0.0325693,0.0206457,0.176187,1.9532,1.42253,0.0386993,0.0161854,0.0128012,0.051516,0.0537908,0.0581034,0.0849973,0.152869,2.89672,2.55482,0.078809,0.0211559,0.0163482,0.0385658,0.0396136,0.0121075,0.0141203,0.0553239,1.67834,1.81778,0.112812,0.0183801,0.0116711,0.041403,0.116069,0.0790332,0.0252926,0.0310143,2.35424,3.16237,0.272876,0.0610072,0.0777075,0.0581486,0.0693634,0.0369718,0.0326436,0.100988,1.34774,2.18916,0.268287,0.0285263,0.0700751,0.052046,0.0763121,0.0207778,0.0245645,0.00785246,1.70118,3.64591,0.580787,0.0184407,0.0539779,0.0540535,0.0764089,0.0141126,0.0166752,0.0180783,0.895658,2.55252,0.546998,0.0134933,0.0320744,0.0496023
84.706394558,0.0459999,0.0395451,0.0586867,0.0410976,0.495697,3.96978,2.2028,0.0230711,0.0359631,0.0189921,0.0535484,0.0431316,0.0302259,0.00881996,0.18307,2.27173,1.65914,0.0384228,0.0132884,0.00411824,0.0504687,0.0537356,0.0580279,0.0849973,0.182987,3.46684,3.09883,0.0718898,0.0211501,0.0162209,0.0464846,0.0413711,0.00518436,0.0114821,0.0535108,1.89276,2.14298,0.105449,0.0126045,0.0107645,0.0485623,0.0725777,0.0217443,0.0108586,0.0248187,2.74758,3.88426,0.288519,0.0452697,0.062011,0.0535425,0.0471272,0.00192998,0.00697003,0.0959888,1.46207,2.66159,0.28192,0.00235699,0.00224689,0.0193466,0.0722877,0.0112675,0.007131,0.00439168,1.9378,4.54194,0.678737,0.000136536,0.0131852,0.0292891,0.0728239,0.0138615,0.0166752,0.00796513,0.947084,3.00257,0.575126,0.0118965,0.0312125,0.0378022
86.192471655,0.0453217,0.0393401,0.058372,0.0405327,0.563725,4.42433,2.51113,0.0227008,0.0340032,0.0174843,0.0528936,0.0429042,0.0300759,0.0084674,0.203804,2.4982,1.83369,0.0386787,0.0132113,0.00384594,0.0502261,0.0531358,0.0566975,0.0832434,0.192554,3.75508,3.40484,0.0727286,0.0201417,0.0150191,0.0452778,0.0405841,0.00451297,0.0109458,0.0591701,2.10884,2.34937,0.109988,0.0123581,0.0104908,0.0480925,0.0716754,0.0210546,0.0107554,0.0245006,3.03316,4.20632,0.305973,0.0435144,0.0614689,0.0529394,0.0457658,0.00128594,0.00646894,0.0949898,1.66329,2.89248,0.2951,0.00201472,0.00190969,0.0169035,0.0676233,0.00832408,0.00524212,0.0031823,2.18882,4.92619,0.762705,7.95149e-05,0.0130938,0.0287994,0.0719025,0.011402,0.00951543,0.000647481,1.04534,3.256,0.627324,0.0117762,0.0309361,0.0375385
87.678548753,0.0446898,0.0392262,0.057802,0.0402139,0.579398,4.78983,2.61225,0.0232701,0.0336002,0.0175167,0.0561977,0.0425331,0.0297838,0.00800287,0.214242,2.74941,1.92058,0.038957,0.0131262,0.0036471,0.0524267,0.0472095,0.023005,0.0496093,0.197861,4.08584,3.59508,0.0762876,0.0201352,0.0149947,0.0499146,0.0402242,0.0044511,0.0109148,0.0641585,2.35119,2.53405,0.117861,0.00991526,0.00706723,0.0485757,0.0720795,0.0210089,0.0104765,0.026605,3.34657,4.54827,0.315965,0.0434179,0.0608791,0.0588262,0.0464112,0.00116906,0.00525644,0.0928643,1.79444,3.10529,0.306783,0.00189976,0.00150512,0.0156083,0.0663881,0.00798017,0.00486586,0.00351143,2.3331,5.32545,0.783752,2.6981e-05,0.0130316,0.0286304,0.0718714,0.0113431,0.00944331,0.000583166,1.08895,3.49465,0.652541,0.0117279,0.0308135,0.037444
89.164625850,0.0468859,0.0293973,0.0439333,0.0389883,0.636617,5.19884,2.92697,0.0232174,0.0313017,0.0149078,0.053539,0.0196712,0.00826227,0.00735726,0.237153,3.01039,2.16871,0.0336286,0.0051463,0.00250893,0.052506,0.0444272,0.014431,0.0407524,0.202964,4.3533,3.9593,0.0833338,0.0188672,0.0147321,0.0498741,0.0429018,0.00194006,0.00692712,0.0655458,2.49242,2.82049,0.124047,0.00305157,0.00249964,0.0323791,0.0437751,0.00347983,0.0104765,0.0265899,3.52564,4.89196,0.332332,0.00466811,0.00386561,0.031364,0.0477573,0.00116906,0.00421143,0.00986147,1.85607,3.39249,0.339167,0.00189976,0.00150512,0.0174967,0.0593245,0.00125497,8.94311e-06,0.00198057,2.54531,5.70802,0.864028,0,0,0.0141387,0.0713636,0.0118827,0.00944331,0.000583166,1.23173,3.83764,0.734206,0.00764833,0.00687254,0.0187122
90.650702948,0.0476016,0.0218082,0,0,0.640682,5.59544,3.06224,0.00551677,0,0.000857258,0.0622287,0.0224546,0,0,0.23716,3.19846,2.27732,0.0251558,0,0.000209915,0.054511,0.0461236,1.27806e-05,0,0.215552,4.73715,4.20899,0.091468,0,4.24633e-05,0.0498264,0.0428712,5.1608e-06,0,0.0680897,2.72268,3.00595,0.129376,0,0,0.0322933,0.0434029,0.000572973,0,0.0300567,3.84919,5.20076,0.346814,0,5.10837e-07,0.0312371,0.0470586,2.44527e-06,0,0.0112733,1.98354,3.55239,0.366544,0,0,0.0174905,0.0592026,0.00123618,0,0.0018951,2.76865,6.13244,0.924241,0,0,0.0141387,0.0692312,0.00148351,0,0.000543543,1.32696,4.11825,0.792979,0,0,0.00296668
92.136780045,0.0530963,0.022537,0,0,0.657994,5.63422,3.13501,0.00528952,0,0.000851726,0.0567721,0.0170296,0,0,0.258413,3.27359,2.31912,0.0219848,0,0.000209915,0.0556774,0.0478289,1.27806e-05,0,0.229118,4.72461,4.26824,0.0742988,0,4.24633e-05,0.0560782,0.0489787,5.1608e-06,0,0.0725886,2.70366,3.05604,0.105819,0,0,0.0331028,0.048125,0.000572973,0,0.0305178,3.76904,5.34608,0.302784,0,5.10837e-07,0.0336346,0.0530475,2.44527e-06,0,0.011317,1.94178,3.71683,0.33445,0,0,0.0146437,0.0745518,0.00128321,0,0.00189368,2.66471,6.20657,0.844119,0,0,0.014529,0.0862561,0.00132124,0,0.000542989,1.29173,4.23787,0.768245,0,0,0.000871508
93.622857143,0.045672,0.0207833,0,0,0.638031,5.65943,3.08305,0.0054055,0,0.000851726,0.0608971,0.0170296,0,0,0.231804,3.24024,2.26762,0.0230639,0,0.000209915,0.0502607,0.0423036,1.27806e-05,0,0.19583,4.71234,4.12371,0.0786531,0,6.56232e-05,0.0582445,0.0471997,5.1608e-06,0,0.0637982,2.72027,2.91654,0.116512,0,0,0.0253734,0.0383839,0.000572973,0,0.0238457,3.84868,5.12852,0.322407,0,5.10837e-07,0.0278559,0.0404379,2.44527e-06,0,0.0114848,2.03067,3.50204,0.35625,0,0,0.0115079,0.0579698,0.00128321,0,0.00215983,2.69858,5.93844,0.865913,0,0,0.0151184,0.0682763,0.00132124,0,0.000632473,1.30466,4.03405,0.762532,1.47023e-06,0,0.000871508
95.108934240,0.0516784,0.0222245,0.000449208,5.39909e-05,0.600673,5.43241,2.94424,0.00482286,0,0.00315089,0.074411,0.0170296,0,0,0.220217,3.116,2.15992,0.0225573,0,0.00106707,0.0597144,0.0461526,1.27806e-05,0,0.203834,4.63716,4.02985,0.0718528,0,0.000519976,0.07108,0.0485746,5.1608e-06,0,0.0676615,2.64989,2.83794,0.112754,0,0,0.0293634,0.0431743,0.000572973,0,0.0300932,3.76994,5.06836,0.292559,0,5.10837e-07,0.0394696,0.0431186,2.44527e-06,0,0.013597,1.9329,3.42684,0.329889,0,0,0.0115079,0.0624328,0.00145236,0,0.0028175,2.58083,5.90313,0.795214,0,0,0.0151184,0.0704122,0.00163718,0,0.00076254,1.21247,3.94798,0.714563,1.47023e-06,0,0.000871508
96.595011338,0.060911,0.0243233,0.00158043,0.00258037,0.607458,5.24985,2.85352,0.00375764,0.00106295,0.00907548,0.0808495,0.0204328,0.000526006,0.00076564,0.222359,3.01242,2.09031,0.0184383,0,0.00127757,0.059949,0.0467323,0.000402129,0.000370337,0.191995,4.44239,3.89358,0.0654836,0.000390038,0.00321308,0.0747385,0.0513468,5.1608e-06,7.7104e-05,0.0642552,2.52779,2.73112,0.0996885,0.000162118,0.000723433,0.0299515,0.0436972,0.00071585,0.000290682,0.0264812,3.61744,4.89003,0.283121,0,7.00279e-05,0.038205,0.0430899,4.07903e-05,7.47186e-05,0.01155,1.87279,3.33295,0.327355,0,0,0.0146107,0.0650051,0.00145236,2.5467e-05,0.00256638,2.54709,5.76763,0.80764,0,0,0.0250437,0.0817865,0.00262848,0,0.000588878,1.20616,3.86122,0.717115,1.47023e-06,0,0.000871508
98.081088435,0.0589698,0.0223034,0.00168317,0.00258037,0.521276,4.92512,2.615,0.00957032,0.0554588,0.0263593,0.0814107,0.0204087,0.000691618,0.00076564,0.173492,2.85514,1.97478,0.0184383,0,0.00127757,0.0591724,0.0482322,0.00114207,0.00441901,0.174204,4.24878,3.66513,0.06093,0.000390038,0.00321308,0.0735211,0.0498902,5.1608e-06,0.00193239,0.0606619,2.46725,2.64853,0.0983132,0.000162118,0.000723433,0.0294129,0.0406707,0.000568121,0.000290682,0.0258728,3.49391,4.68347,0.260147,0.00626268,0.0532968,0.0644418,0.0449752,4.07903e-05,7.47186e-05,0.01155,1.82445,3.24096,0.305709,0.00234624,0.0237375,0.037728,0.0689561,0.00198851,0.000103165,0.00256638,2.43803,5.55502,0.745929,0,0,0.0235501,0.0791978,0.00259565,0.0038869,0.00116236,1.1644,3.7746,0.680988,1.47023e-06,0,0.000871508
99.567165533,0.0566605,0.0194285,0.00168317,0.00258037,0.476261,4.37556,2.27485,0.00939631,0.0834248,0.0756031,0.0857441,0.0144584,0.000691618,0.00076564,0.167551,2.58385,1.73884,0.0160431,0.0294032,0.0920172,0.0929017,0.0533857,0.00555835,0.00441901,0.162094,3.75697,3.24061,0.0548335,0.000867593,0.00321308,0.0636589,0.0370328,5.1608e-06,0.00193239,0.0837234,2.23774,2.41299,0.08045,0.00128321,0.000723433,0.0294129,0.0406707,0.000568121,0.000290682,0.0535732,3.17751,4.24783,0.231374,0.0120049,0.0532968,0.0644418,0.0449752,4.07903e-05,0.000104078,0.00942791,1.58647,2.95438,0.24951,0.00883308,0.0237375,0.0406355,0.0702481,0.00816961,0.00248555,0.00240968,2.09939,4.95733,0.625986,0,0,0.0243679,0.0813175,0.00520259,0.0127418,0.00233789,0.990995,3.45558,0.570946,1.47023e-06,0,0.000871508
101.053242630,0.0456342,0.0175843,0.00169996,0.00259796,0.442016,4.04631,2.15209,0.0274372,0.136149,0.14208,0.0955387,0.0144199,0.000691618,0.00076564,0.161491,2.39812,1.61738,0.0151947,0.0304004,0.0920172,0.0843225,0.0558381,0.0428045,0.00784799,0.142788,3.46505,2.97549,0.0536159,0.000867593,0.00368696,0.0598191,0.0377916,0.00971776,0.0348634,0.193362,2.17528,2.22145,0.0787792,0.00128321,0.000723433,0.0229444,0.0336547,0.00112116,0.000290682,0.050196,2.981,3.90265,0.247262,0.0461888,0.0563536,0.0603963,0.0334369,4.07903e-05,0.000104078,0.008326,1.53383,2.70289,0.243592,0.00883308,0.0731035,0.213559,0.142615,0.0165109,0.00248555,0.00223004,2.00213,4.54922,0.616212,0.000504757,0,0.0235722,0.0692296,0.00520259,0.0294358,0.0324086,0.972998,3.19343,0.550355,0.000202228,0.00112446,0.000751219
102.539319728,0.046827,0.0284401,0.0133209,0.00259796,0.409722,3.82721,2.05562,0.0300832,0.14387,0.145428,0.100392,0.038846,0.0248411,0.0205711,0.164088,2.24649,1.54987,0.0136835,0.0304004,0.0920172,0.0860813,0.0784943,0.0628757,0.024031,0.150554,3.2572,2.82737,0.0474085,0.00318533,0.00425704,0.056644,0.0366876,0.00971776,0.0399846,0.195519,2.002,2.0875,0.0766488,0.00149282,0.00161061,0.0265663,0.0426769,0.0090125,0.00557259,0.0547297,2.7456,3.63721,0.223196,0.049156,0.0580719,0.0596197,0.0317236,4.07903e-05,0.000104078,0.008326,1.37416,2.52501,0.227387,0.0127414,0.0782075,0.224466,0.152264,0.0235251,0.00639557,0.00301994,1.80944,4.25185,0.546275,0.000504757,0.000213603,0.0221762,0.0673585,0.00996353,0.0342754,0.03687,0.877461,2.97455,0.507046,0.000336134,0.00112446,0.000751219
104.025396825,0.0451464,0.0281918,0.0133209,0.00259796,0.410568,3.81736,2.09164,0.0432502,0.15988,0.152987,0.0972722,0.0398426,0.0257732,0.0208115,0.162262,2.17187,1.51094,0.0140967,0.0306159,0.0925119,0.0870285,0.0905706,0.0672348,0.0279415,0.144958,3.17245,2.76557,0.052744,0.0118081,0.00667734,0.055331,0.0362046,0.0129651,0.055437,0.214918,1.94419,2.06019,0.13278,0.00588858,0.00299389,0.0315596,0.0453031,0.0090125,0.00728304,0.076425,2.6936,3.57034,0.250504,0.0846929,0.0692606,0.0756731,0.0320451,4.07903e-05,0.000104078,0.00584084,1.32925,2.46002,0.282314,0.0371763,0.0933529,0.238976,0.158961,0.0305153,0.032174,0.00446751,1.77042,4.12283,0.5787,0.0233084,0.0115006,0.0407229,0.0693624,0.0112699,0.0506784,0.0872346,0.938846,2.85026,0.49095,0.000336134,0.0108469,0.0100916
105.511473923,0.0411579,0.0253229,0.0133209,0.00276404,0.400403,3.75507,2.042,0.0434349,0.160599,0.154877,0.105003,0.0561676,0.0277295,0.0208115,0.153874,2.13038,1.46053,0.0141617,0.0308712,0.0927547,0.0846504,0.091408,0.0760613,0.0391903,0.156258,3.14893,2.7345,0.0523666,0.0118081,0.00668143,0.0544311,0.0357236,0.0141132,0.061551,0.227738,1.93988,2.03602,0.132758,0.0062397,0.0032734,0.0314731,0.0428581,0.0090125,0.00728304,0.0766419,2.68728,3.56097,0.259018,0.0917791,0.0696883,0.0747343,0.030544,0.000618898,0.000154403,0.00584084,1.31845,2.43988,0.279648,0.0388186,0.0934753,0.241318,0.158877,0.0315787,0.0336834,0.00556483,1.76277,4.10316,0.570878,0.0233084,0.0115006,0.040384,0.0687228,0.0129785,0.0590396,0.0922052,0.920874,2.82047,0.48316,0.00053145,0.0108469,0.00962205
106.997551020,0.0401763,0.0238964,0.0133209,0.00276404,0.399273,3.45949,1.93506,0.0586785,0.17575,0.177389,0.109568,0.0568608,0.0277788,0.0208625,0.154165,1.96817,1.33943,0.00900613,0.031241,0.0962091,0.0854494,0.092707,0.077491,0.0490115,0.180372,2.87326,2.53446,0.0357142,0.0118081,0.00686516,0.0548856,0.0390648,0.0421794,0.0950405,0.256813,1.79968,1.88716,0.107576,0.0062397,0.0032734,0.0314731,0.0427801,0.00902107,0.0077195,0.0762076,2.46393,3.33187,0.223183,0.0965261,0.0700682,0.0747229,0.0305213,0.000616453,0.000154403,0.0056431,1.2079,2.30315,0.259124,0.0584454,0.0983448,0.251452,0.176333,0.0657969,0.0561263,0.0078331,1.62542,3.90335,0.527223,0.0233084,0.0115006,0.0408524,0.0729466,0.0143792,0.0604407,0.0923255,0.856757,2.70377,0.43537,0.00053145,0.0108469,0.00961488
108.483628118,0.0347747,0.0232002,0.0133209,0.00276404,0.288023,2.79001,1.58245,0.0704784,0.222685,0.222892,0.112193,0.056996,0.0280599,0.0208625,0.129132,1.64053,1.1011,0.0091977,0.0502066,0.132935,0.0899513,0.0952855,0.0847072,0.0496012,0.147904,2.29017,1.97311,0.0356083,0.0118081,0.00688047,0.0462904,0.0307885,0.0421794,0.0987183,0.277802,1.60312,1.54487,0.107546,0.00641518,0.00466898,0.0246786,0.0333141,0.00902107,0.00793095,0.0946008,2.11295,2.61604,0.205533,0.113522,0.108676,0.0981779,0.0199144,0.00069278,0.000278854,0.00562651,1.09356,1.83074,0.241178,0.0678695,0.119012,0.272314,0.171769,0.0693114,0.05953,0.00782696,1.3654,3.00225,0.426851,0.0233084,0.0115006,0.0392062,0.0554089,0.0170532,0.0652023,0.0985994,0.78704,2.19469,0.377739,0.00053145,0.0108469,0.00960261
109.969705215,0.0347747,0.0235244,0.0137331,0.00305299,0.225156,2.35054,1.28522,0.073723,0.230426,0.234896,0.117941,0.0573553,0.0280599,0.0208625,0.107896,1.41364,0.925988,0.0087035,0.0502782,0.133026,0.0899513,0.103614,0.115202,0.0770091,0.143686,2.00152,1.667,0.0343085,0.0124908,0.00793469,0.0462904,0.0308463,0.0422458,0.0994418,0.284248,1.42378,1.36324,0.107834,0.00644969,0.00466898,0.0246786,0.0334988,0.00914054,0.00793095,0.0946008,1.82707,2.29578,0.190468,0.124124,0.124491,0.105529,0.0205067,0.00069278,0.000278854,0.00638012,0.893758,1.60001,0.227681,0.0702699,0.136549,0.302471,0.198537,0.0864794,0.0641532,0.00796163,1.11427,2.61795,0.34272,0.023636,0.0115006,0.0392062,0.0554089,0.019846,0.0724168,0.100488,0.685648,1.9403,0.325496,0.00053145,0.0108469,0.00960261
111.455782313,0.0392514,0.0300255,0.0157373,0.00305299,0.209283,1.98757,1.19164,0.0764751,0.235372,0.241276,0.115205,0.0574499,0.0280599,0.0208625,0.0986206,1.16364,0.835371,0.00733231,0.0543928,0.138568,0.0886848,0.104729,0.116571,0.0773039,0.133181,1.67069,1.47716,0.031392,0.0171469,0.0207285,0.0598728,0.0381873,0.044545,0.101553,0.279662,1.18172,1.17863,0.0988178,0.00663784,0.00487927,0.0232842,0.0359975,0.0211886,0.0201133,0.0954223,1.51694,1.96293,0.18387,0.124567,0.12509,0.099819,0.0198612,0.000760557,0.000356526,0.00467284,0.762694,1.39073,0.220002,0.0773672,0.148652,0.308716,0.199238,0.0864794,0.0641532,0.00747543,0.970048,2.21894,0.321593,0.0240838,0.0143108,0.0441333,0.0604485,0.0323605,0.0949173,0.114861,0.643929,1.7016,0.300167,0.000664643,0.0110512,0.00965087
112.941859410,0.038501,0.0257729,0.0159147,0.00360754,0.152377,1.57829,0.877077,0.0770914,0.236045,0.243421,0.116899,0.0581128,0.0283298,0.0243165,0.100404,0.952534,0.602175,0.00721945,0.0547305,0.140085,0.0890838,0.0996823,0.11931,0.0806935,0.132224,1.41449,1.11699,0.0267726,0.0199585,0.0221643,0.060297,0.0352633,0.0445457,0.101553,0.277467,1.04296,0.897138,0.0945537,0.0166436,0.0256942,0.0276518,0.0325194,0.0207982,0.0216392,0.10135,1.34269,1.62114,0.160799,0.128995,0.130747,0.0998273,0.0185151,0.000763171,0.000359343,0.00467284,0.600225,1.09214,0.206975,0.0788875,0.148676,0.30687,0.197922,0.0915623,0.0676876,0.00965952,0.760608,1.84256,0.247798,0.0268556,0.0153965,0.0393792,0.0539356,0.0316524,0.0950738,0.115195,0.501146,1.35857,0.218523,0.000734419,0.0111995,0.00939421
114.427936508,0.0400091,0.0262,0.0167744,0.00765532,0.153134,1.14683,0.721298,0.0785228,0.237904,0.244685,0.11276,0.0571635,0.029501,0.0250665,0.100035,0.738211,0.468548,0.0097835,0.0589506,0.141611,0.0881371,0.0972657,0.11978,0.0828677,0.121986,1.00635,0.851115,0.0173049,0.0208057,0.0236729,0.0607284,0.035652,0.0468471,0.113095,0.290708,0.806203,0.69115,0.079941,0.016926,0.0265409,0.028411,0.0327814,0.0218926,0.036567,0.126695,1.01476,1.30286,0.152326,0.133934,0.132973,0.101004,0.0189916,0.00152278,0.00119921,0.00344201,0.471254,0.934879,0.197657,0.0910056,0.159016,0.318057,0.203165,0.0924782,0.068533,0.00977309,0.535892,1.40367,0.186692,0.0280457,0.0321278,0.0567184,0.0582224,0.035538,0.101625,0.119777,0.417732,1.12402,0.180416,0.00228168,0.0111995,0.00939421
115.914013605,0.0281285,0.0244918,0.0171657,0.00869181,0.114409,0.735921,0.368998,0.0792395,0.238394,0.24517,0.11098,0.0576866,0.0295962,0.025121,0.0787162,0.452982,0.220697,0.00979309,0.0589532,0.141611,0.0785557,0.0921506,0.121729,0.0841705,0.108682,0.675857,0.43212,0.0171136,0.0214116,0.0250774,0.0457395,0.0183812,0.0469716,0.113246,0.286181,0.642328,0.429545,0.0803481,0.0171253,0.0267918,0.0221741,0.0256722,0.0222093,0.0368585,0.126334,0.778596,0.737829,0.125518,0.134406,0.133335,0.0970573,0.0126084,0.00170966,0.00139601,0.00375204,0.356303,0.531631,0.176878,0.0914362,0.159491,0.316931,0.184908,0.0925863,0.0689381,0.0100274,0.413098,0.94227,0.148433,0.0281596,0.0323279,0.0553931,0.0380104,0.0358488,0.101935,0.119909,0.363461,0.833797,0.14986,0.00246819,0.0116653,0.00970518
117.400090703,0.0284049,0.0256184,0.0191596,0.00996109,0.0540091,0.198856,0.167307,0.0791235,0.239932,0.248111,0.107549,0.0603154,0.0296029,0.025121,0.0680116,0.178256,0.0801079,0.0162926,0.0610526,0.141611,0.0775836,0.118153,0.165857,0.101104,0.10247,0.225737,0.136658,0.0130112,0.0214116,0.0250542,0.0396461,0.0183946,0.0471072,0.113481,0.284926,0.364498,0.204259,0.0721133,0.0216374,0.0283756,0.023185,0.0271012,0.0222093,0.0369475,0.125893,0.382409,0.342609,0.116929,0.14776,0.136421,0.0943402,0.00996028,0.00277752,0.0071413,0.0240212,0.134263,0.277557,0.14487,0.0914362,0.160816,0.31834,0.183595,0.0925863,0.0695348,0.0110417,0.177895,0.42005,0.0869257,0.0281596,0.0326154,0.0546499,0.035115,0.0362838,0.102113,0.11999,0.246302,0.445332,0.087513,0.00273165,0.0126932,0.0106906
118.886167800,0.0274149,0.0490369,0.0560383,0.0391116,0.0413196,0.110078,0.131704,0.0874628,0.272268,0.255629,0.0999405,0.0802774,0.0383109,0.0315198,0.0604291,0.0903819,0.0337835,0.0178577,0.0702927,0.142459,0.0697323,0.119697,0.185407,0.125015,0.0868152,0.0466005,0.00975838,0.0127709,0.0417063,0.0317894,0.0268107,0.0177711,0.0549177,0.12456,0.276897,0.245856,0.0875711,0.0725721,0.0334325,0.0400726,0.0391237,0.0400137,0.0293408,0.043109,0.120043,0.200086,0.108788,0.122453,0.18564,0.182071,0.0877331,0.00727956,0.00398115,0.0253403,0.0846731,0.105904,0.136572,0.140886,0.0927289,0.161615,0.31846,0.193419,0.1076,0.074851,0.0116225,0.0647311,0.109996,0.0709862,0.0290573,0.0429416,0.0741019,0.0425016,0.0445984,0.107984,0.120127,0.206515,0.240048,0.0710068,0.0225626,0.0602716,0.0305647
120.372244898,0.0188522,0.0471748,0.054907,0.0365852,0.0219936,0.18525,0.165515,0.0899947,0.271205,0.249343,0.0913064,0.0768018,0.0377848,0.0307542,0.0599571,0.154655,0.0708293,0.0260164,0.0702927,0.142249,0.0690669,0.119741,0.185438,0.124645,0.0879565,0.134775,0.065709,0.0141913,0.0413163,0.0290602,0.021596,0.0150947,0.0549177,0.124483,0.280088,0.287598,0.123695,0.079078,0.0332704,0.0393492,0.0378774,0.0397573,0.0291979,0.0428183,0.12097,0.244355,0.154998,0.123003,0.186048,0.182002,0.087443,0.00760279,0.0039428,0.0252656,0.0854687,0.100551,0.130546,0.130702,0.0928396,0.161615,0.315011,0.191295,0.107651,0.0748255,0.0117805,0.023409,0.08001,0.0469015,0.0291707,0.0429416,0.0641766,0.0331959,0.0436289,0.107984,0.120133,0.172321,0.189871,0.0467299,0.0225626,0.0602716,0.0305692
121.858321995,0.0237927,0.0468761,0.0548043,0.0365852,0.0740315,0.51896,0.396079,0.0859009,0.216809,0.232059,0.0940974,0.0772754,0.0376192,0.0307542,0.0780494,0.327415,0.234203,0.0303288,0.0702927,0.142249,0.0745997,0.117475,0.184698,0.120596,0.0907245,0.441762,0.39478,0.0274605,0.0413163,0.0290602,0.0264292,0.0189405,0.0549177,0.122628,0.276696,0.456536,0.372328,0.0957784,0.0332704,0.0393492,0.0428328,0.0432234,0.0291979,0.0428183,0.12097,0.547737,0.584893,0.176323,0.179786,0.128775,0.0642322,0.0103498,0.0039428,0.0252656,0.0854687,0.23731,0.37814,0.171923,0.0904934,0.137877,0.295091,0.189555,0.106553,0.0747478,0.0117805,0.275543,0.516984,0.164195,0.0291707,0.0429416,0.064855,0.0339512,0.043202,0.104097,0.119559,0.287749,0.444637,0.127129,0.0225626,0.0602716,0.0313216
123.344399093,0.0266049,0.0479914,0.0548043,0.0365852,0.106402,0.855108,0.545721,0.087064,0.188843,0.182815,0.0786175,0.0772754,0.0376192,0.0307542,0.0905647,0.507332,0.31266,0.031684,0.0408895,0.051509,0.0402814,0.108077,0.180282,0.120596,0.114074,0.747357,0.620177,0.0302473,0.0408387,0.0290602,0.0276499,0.0197469,0.0549177,0.122628,0.253143,0.572317,0.482199,0.0984507,0.0321493,0.0393492,0.0450269,0.0460128,0.0291979,0.0428183,0.0965659,0.698638,0.910187,0.175128,0.174044,0.128775,0.0647304,0.0108526,0.0039428,0.0252362,0.0872426,0.352797,0.596451,0.181818,0.0840065,0.137877,0.292661,0.192876,0.100372,0.0723654,0.0127188,0.411764,0.965085,0.183088,0.0291707,0.0429416,0.0654577,0.0401114,0.0406782,0.095242,0.118611,0.303373,0.664563,0.127819,0.0225626,0.0602716,0.0313216
124.830476190,0.0266049,0.0479914,0.0547875,0.0365677,0.153366,1.0982,0.711654,0.0688053,0.136119,0.116338,0.060032,0.0772754,0.0376192,0.0307542,0.099756,0.611177,0.417152,0.0309658,0.0398923,0.051509,0.0397277,0.100047,0.143036,0.117167,0.131653,0.954128,0.832063,0.0354775,0.0408387,0.0285864,0.0276042,0.0171139,0.0452051,0.0896966,0.145526,0.583411,0.584629,0.102032,0.0321493,0.0393492,0.0450269,0.0450616,0.0286449,0.0428183,0.100555,0.846957,1.14662,0.179587,0.13986,0.125718,0.0647304,0.0108526,0.0039428,0.0252362,0.0880278,0.410371,0.724188,0.192244,0.0840065,0.0885112,0.115931,0.10578,0.0920303,0.0723654,0.0130841,0.537975,1.24042,0.241441,0.028666,0.0429416,0.0654577,0.0401114,0.0406782,0.0785481,0.0884891,0.358462,0.813577,0.163933,0.0223618,0.0591471,0.0313216
126.316553288,0.0254121,0.0372183,0.0431666,0.0365677,0.165333,1.31357,0.835344,0.0673498,0.128398,0.11299,0.0556902,0.0534166,0.0134698,0.0109487,0.090257,0.674984,0.460185,0.0323527,0.0398923,0.051509,0.0364863,0.0773909,0.122965,0.100984,0.119725,1.11343,0.971265,0.0435747,0.038521,0.0280163,0.0271134,0.0171139,0.0452051,0.0845754,0.135877,0.639487,0.654317,0.105296,0.0319397,0.038462,0.0405792,0.0359664,0.0207535,0.0375364,0.0960217,0.99338,1.30385,0.195112,0.136892,0.124,0.0639304,0.0105768,0.0039428,0.0252362,0.0880278,0.456431,0.788779,0.203211,0.0800982,0.0834072,0.104453,0.0949478,0.085016,0.0684554,0.0122942,0.646668,1.42632,0.288281,0.028666,0.042728,0.0651707,0.0392295,0.0359173,0.0737084,0.0840278,0.387047,0.90812,0.188372,0.0222279,0.0591471,0.0313216
127.802630385,0.0250537,0.0372183,0.0431666,0.0365677,0.212154,1.51189,0.89753,0.0541548,0.112388,0.105397,0.0537807,0.0521266,0.0125376,0.0107083,0.100981,0.780209,0.516354,0.0317766,0.0396768,0.0510144,0.0329267,0.0635518,0.118605,0.0970735,0.140924,1.32637,1.15604,0.0367269,0.0298982,0.025596,0.0273981,0.017601,0.0419577,0.069123,0.120219,0.719147,0.7154,0.0482716,0.0275439,0.0370787,0.0349949,0.0322618,0.0207535,0.0358259,0.0788302,1.13041,1.52365,0.167182,0.101356,0.112811,0.0476038,0.00995929,0.0039428,0.0252362,0.0899592,0.512991,0.857621,0.144654,0.0556633,0.0682618,0.0899429,0.0857912,0.0780026,0.042677,0.0108049,0.709174,1.6353,0.262201,0.00586237,0.031441,0.0466465,0.0368332,0.0344862,0.0573054,0.0337687,0.320326,0.956148,0.194095,0.0222279,0.0494246,0.0219812
129.288707483,0.0264911,0.0376397,0.0431666,0.0364016,0.244255,1.84887,1.08015,0.0548645,0.111669,0.103503,0.0506796,0.0358181,0.0105814,0.0107083,0.101537,0.951046,0.644701,0.0340571,0.0394215,0.0507656,0.0356081,0.0600634,0.109779,0.0858247,0.131286,1.58916,1.3995,0.0438568,0.0298982,0.0255915,0.0323352,0.0218726,0.0408096,0.0630091,0.107146,0.83665,0.86621,0.0559813,0.0271928,0.0367992,0.0355967,0.03339,0.0207535,0.0358259,0.0785998,1.33883,1.77006,0.183934,0.0942694,0.112383,0.0489556,0.0124859,0.0033647,0.0251859,0.0899592,0.617365,1.01044,0.163876,0.054021,0.0681395,0.0879547,0.0853857,0.0768985,0.0411676,0.00970755,0.909362,1.93666,0.33205,0.00586237,0.031441,0.0468425,0.0371918,0.0327776,0.0489442,0.0287981,0.411877,1.14737,0.243425,0.0220326,0.0494246,0.0221346
130.774784580,0.0307454,0.0387736,0.0431666,0.0364016,0.260616,2.10558,1.12922,0.039711,0.0965177,0.0810393,0.0418832,0.0310058,0.0105321,0.0106574,0.105479,1.10211,0.705513,0.0351234,0.0390517,0.0473112,0.0373262,0.0596639,0.108337,0.0760036,0.117932,1.81676,1.55119,0.0465666,0.0298982,0.0254078,0.0341002,0.0196,0.0127383,0.0295195,0.078865,0.937141,0.952287,0.0559813,0.0271928,0.0367992,0.0383903,0.0360799,0.0207101,0.0353895,0.0825446,1.51828,1.98894,0.184578,0.0895223,0.112003,0.0489556,0.013482,0.0033647,0.0251859,0.0899592,0.687245,1.15587,0.153255,0.0343942,0.0632699,0.0783303,0.0730893,0.0426456,0.0187246,0.00789688,1.00473,2.23512,0.340629,0.00586237,0.031441,0.0471316,0.0382026,0.0313654,0.0475431,0.0286779,0.434008,1.34011,0.247211,0.0220326,0.0494246,0.0221346
132.260861678,0.0325128,0.0389019,0.0431666,0.0364016,0.280932,2.19339,1.19318,0.027894,0.0495826,0.0355365,0.0380596,0.0309993,0.0102509,0.0106574,0.11956,1.17066,0.756074,0.0349318,0.020086,0.0105848,0.0242781,0.05326,0.10112,0.0754138,0.129217,1.92077,1.65838,0.0493008,0.0298982,0.0253925,0.034107,0.0197029,0.0127383,0.0258417,0.0631855,0.970234,1.033,0.0624168,0.0270173,0.0354036,0.0373584,0.0363162,0.0207101,0.035178,0.061485,1.55704,2.10518,0.198361,0.0725261,0.0733954,0.0214086,0.0140024,0.00328837,0.0250615,0.0917769,0.745234,1.25992,0.166235,0.0249701,0.0426022,0.0562083,0.0683456,0.0391843,0.015321,0.00857416,1.11371,2.44663,0.394216,0.00586237,0.031441,0.0477061,0.0392329,0.0287933,0.0427815,0.022404,0.458293,1.42435,0.283046,0.0220326,0.0494246,0.0221346
133.746938776,0.0325459,0.0386622,0.0427544,0.0361126,0.279006,2.22797,1.2136,0.0246348,0.041842,0.0238141,0.0364117,0.0306807,0.0102509,0.0106574,0.120777,1.20071,0.786516,0.0350367,0.0200145,0.010494,0.0257429,0.0453121,0.0706259,0.048006,0.123144,1.95433,1.69028,0.0501204,0.0292155,0.0243383,0.0353362,0.0196452,0.0126719,0.0251182,0.0518703,0.969189,1.03214,0.0584457,0.0269828,0.0354036,0.0378885,0.0361666,0.0205907,0.035178,0.0628254,1.59506,2.15196,0.195557,0.0619243,0.0575802,0.0165386,0.0147574,0.00328837,0.0250615,0.0910579,0.766597,1.29402,0.172177,0.0225697,0.0250662,0.0267,0.0432352,0.0220162,0.0106978,0.00843949,1.13287,2.49376,0.400912,0.00553476,0.031441,0.048347,0.0400309,0.0260005,0.035567,0.0208823,0.48561,1.48012,0.292655,0.0220326,0.0494246,0.0221346
135.233015873,0.0308178,0.0351844,0.0407502,0.0361126,0.281607,2.32338,1.24047,0.0205935,0.036896,0.0169822,0.0360842,0.0316693,0.0102509,0.0106574,0.12123,1.24777,0.814944,0.0350646,0.0158999,0.0047484,0.0257166,0.0486214,0.0692568,0.0477111,0.12444,2.0309,1.73601,0.0493989,0.0245595,0.0115385,0.0171077,0.0128627,0.0103727,0.0230067,0.0515276,0.995175,1.05507,0.0583638,0.0267947,0.0351933,0.0378906,0.0359937,0.00854261,0.0229957,0.0600192,1.63743,2.19377,0.192193,0.0614812,0.0569812,0.0162342,0.0157017,0.00322059,0.0249838,0.0910896,0.776767,1.32095,0.167853,0.0154724,0.0129624,0.020455,0.0434963,0.0220599,0.0106978,0.00843982,1.14708,2.54877,0.400898,0.00508699,0.0286308,0.0434199,0.0352715,0.0134861,0.0130665,0.00649575,0.48632,1.49904,0.29288,0.0218994,0.0492204,0.0225249
136.719092971,0.029751,0.0352192,0.0405728,0.0355581,0.325532,2.59494,1.40665,0.0205917,0.036223,0.0148373,0.034558,0.0308051,0.00998103,0.00720339,0.0969824,1.28478,0.872056,0.0380001,0.0155622,0.00323108,0.0257902,0.0481367,0.0665174,0.0443215,0.117001,2.23289,1.94502,0.057253,0.0217478,0.0101027,0.0174071,0.0136771,0.010372,0.0230067,0.0511556,1.09573,1.17802,0.0682562,0.0167889,0.0143785,0.0338175,0.0345156,0.00854261,0.0214698,0.0538365,1.87231,2.51151,0.23278,0.057053,0.0513242,0.0169705,0.016953,0.00321798,0.024981,0.0910896,0.842713,1.40362,0.166416,0.0139521,0.0129387,0.020581,0.0419964,0.0164018,0.00716332,0.00625573,1.34162,2.87832,0.490155,0.00231512,0.0275451,0.0434182,0.0352738,0.013469,0.01291,0.00616231,0.534357,1.60287,0.324349,0.0218296,0.0490721,0.0225807
138.205170068,0.0279525,0.0332565,0.0397131,0.0315103,0.357731,2.88564,1.5308,0.0189556,0.0343642,0.0135729,0.0300625,0.0271428,0.0088099,0.00645338,0.115716,1.44153,0.940067,0.0324526,0.0113421,0.00170575,0.0256335,0.0482505,0.0660476,0.0421473,0.140029,2.505,2.1467,0.0565786,0.0209006,0.00859407,0.0173186,0.0134199,0.00807058,0.0114648,0.0391898,1.20577,1.26736,0.0683176,0.0165065,0.0135317,0.0338461,0.0351976,0.00744817,0.00654192,0.027393,2.04117,2.73502,0.228,0.0521145,0.049098,0.0158028,0.0165496,0.00245837,0.0241411,0.0930941,0.930528,1.55816,0.151268,0.00183405,0.00259866,0.00953771,0.037716,0.0154859,0.00631796,0.00603411,1.42829,3.15562,0.494747,0.00112508,0.0108138,0.0264771,0.0329803,0.00962102,0.00635843,0.00166956,0.549762,1.73134,0.315029,0.0202824,0.0490721,0.0225807
139.691247166,0.0275013,0.033161,0.0393217,0.0304738,0.406209,3.15392,1.73089,0.0174567,0.0338743,0.0130879,0.029029,0.0266197,0.00871463,0.00639888,0.134964,1.55415,1.04301,0.032376,0.0113395,0.00170575,0.0256335,0.0476056,0.0640984,0.0408445,0.151892,2.69265,2.36105,0.0601631,0.0202947,0.00718952,0.0164242,0.0132223,0.00794607,0.0113136,0.0441731,1.29002,1.40034,0.076709,0.0163073,0.0132808,0.0337331,0.0351671,0.00713151,0.00625042,0.029003,2.17546,2.95114,0.247978,0.0516427,0.0487364,0.0156777,0.0164873,0.00227149,0.0239443,0.0935893,0.989332,1.68668,0.16638,0.00140344,0.00212408,0.00926293,0.0375968,0.0153308,0.0059129,0.00587777,1.56073,3.40178,0.561462,0.00101111,0.0106137,0.0261714,0.0327496,0.00931024,0.00604878,0.00153766,0.605857,1.86507,0.352986,0.0200959,0.0486063,0.0222698
141.177324263,0.027225,0.0320344,0.0373279,0.0292045,0.40983,3.37775,1.80726,0.0188838,0.0323359,0.0101472,0.0257066,0.0239909,0.00870793,0.00639888,0.130477,1.64546,1.08987,0.0260307,0.00924004,0.00170575,0.0230283,0.0215888,0.01997,0.0239112,0.155111,2.90482,2.4913,0.0674659,0.0202947,0.00718952,0.0161427,0.0130915,0.00781052,0.0110795,0.0440789,1.37977,1.4634,0.0800446,0.0117951,0.011697,0.0322198,0.0325853,0.00713151,0.0061615,0.0306468,2.35036,3.12665,0.247856,0.0382888,0.0456499,0.0155654,0.0164366,0.00120362,0.018199,0.0733463,1.0519,1.77177,0.178406,0.00140344,0.000798664,0.00661031,0.036507,0.0153308,0.00531611,0.00491455,1.68966,3.6655,0.590182,0.00101111,0.0103262,0.0241918,0.0311204,0.00887522,0.00587096,0.00138291,0.640183,1.97427,0.372518,0.0198309,0.0475783,0.0212843
142.663401361,0.0216617,0.00717468,0,0,0.448747,3.67418,1.98848,0.0109699,0,0.000329951,0.0198013,0.00402893,0,0,0.1381,1.74464,1.17484,0.0247029,0,0,0.021426,0.0161964,0.000420061,0,0.175051,3.14563,2.73988,0.0682838,0,0,0.0161427,0.0123401,0,0,0.0456778,1.46313,1.59102,0.077844,0,0,0.0122911,0.0148823,0,0,0.0340425,2.55381,3.45219,0.259767,0.000408628,0,0.0105589,0.0164366,0,0,0.0116602,1.05434,1.87847,0.183877,0.000110703,0,0.00649054,0.0222195,0.000147942,0,0.00407105,1.77207,3.93903,0.617981,0.000113424,0,0.00473976,0.0215979,0.000244696,0,0.00114069,0.677871,2.11439,0.389955,0,0,0.0014102
144.149478458,0.0208601,0.0069734,0,0,0.457934,3.79823,2.0983,0.0125515,0,0.000329951,0.0216747,0.00434009,0,0,0.134967,1.77845,1.21122,0.0183475,0,0,0.0213387,0.0156305,0,0,0.173665,3.28645,2.88349,0.0769669,0,0,0.0182034,0.0142763,0,0,0.0424868,1.50891,1.63714,0.0772568,0,0,0.0123771,0.0144807,0,0,0.0331154,2.6752,3.60635,0.287203,0,0,0.0110591,0.0170351,0,0,0.0108647,1.08992,1.9308,0.203544,0,0,0.00635869,0.0214435,9.67856e-05,0,0.00391307,1.90576,4.10881,0.667039,0,0,0.00473976,0.0195293,0.000222889,0,0.0011348,0.705221,2.16444,0.419901,0,0,0.00140579
145.635555556,0.0176763,0.00720269,0,0,0.433658,3.7502,1.97395,0.010969,0,0.000329951,0.0177649,0.00343681,0,0,0.131921,1.76239,1.11787,0.0141533,0,0,0.0169456,0.0147474,0,0,0.181195,3.21037,2.70993,0.0641089,0,0,0.0140407,0.0108179,0,0,0.0448598,1.45236,1.4865,0.0617836,0,0,0.00838275,0.0123622,0,0,0.0377523,2.53845,3.42104,0.238418,0,0,0.00753477,0.0116854,0,0,0.0123472,1.04158,1.84846,0.164637,0,0,0.00328223,0.0196879,0.00018608,0,0.00558731,1.73708,3.98163,0.559042,0,0,0.00463025,0.0222833,0.000222889,0,0.00149583,0.621772,2.10629,0.350081,0,0,0.000653365
147.121632653,0.0155791,0.00608742,0,0,0.437621,3.59465,1.95409,0.00980593,0,0.00181803,0.0211466,0.00343681,0,0,0.127645,1.65962,1.1169,0.0136554,0,0.000423176,0.0153247,0.0120728,0,0,0.169783,3.0544,2.6531,0.0654865,0,0,0.01282,0.0100115,0,0,0.0410154,1.36878,1.48675,0.0671899,0,0,0.00618865,0.00957282,0,0,0.0307425,2.41737,3.27457,0.251133,0,0,0.00703656,0.0111826,0,0,0.0107213,0.979678,1.74637,0.171278,0,0,0.002804,0.0150755,0.00018608,0,0.00464904,1.70641,3.73562,0.589122,0,0,0.00320979,0.0140034,0.000139656,0,0.00126843,0.631123,1.96904,0.37505,0,0,0.000653365
148.607709751,0.0169623,0.00680807,0,0,0.390799,3.34935,1.78057,0.00987035,0.00103252,0.0114227,0.0287682,0.0050282,0,0,0.120272,1.5654,1.02359,0.0136848,1.35348e-05,0.000642718,0.0164306,0.0130972,1.4963e-05,0,0.15726,2.89337,2.47175,0.0603812,2.76429e-05,0.000483559,0.0171523,0.0102136,2.02942e-05,0,0.0392871,1.31488,1.39348,0.064137,6.57375e-06,0,0.00703882,0.0101837,0.000289296,0,0.0300985,2.35339,3.13221,0.231448,0,0,0.0117268,0.01138,6.87996e-05,0,0.0101679,0.960698,1.67398,0.166847,0,0,0.00412447,0.0152326,0.00018608,0,0.00445289,1.66318,3.64062,0.544567,0,0,0.0072467,0.0159352,0.000139656,0,0.00109691,0.593267,1.89337,0.344572,0,0,0.000698771
150.093786848,0.0203243,0.00826172,0.00105358,0.00185362,0.399759,3.16668,1.66271,0.00864484,0.00131038,0.0120073,0.0286161,0.00465897,0,0.000625794,0.123407,1.50291,0.978837,0.0123236,1.35348e-05,0.000654284,0.0165656,0.013163,1.4963e-05,0.00391013,0.171555,2.73526,2.33229,0.0516492,0.000507118,0.00551211,0.024716,0.0122974,2.02942e-05,0.0013737,0.0449121,1.25404,1.32121,0.0597054,0.000182027,0.00168982,0.00882559,0.0106115,0.000292739,4.41252e-05,0.0301097,2.20202,2.96824,0.206924,0.000887967,0.00041261,0.0118855,0.01138,9.78176e-05,1.02464e-05,0.0105738,0.915166,1.60891,0.15404,1.51919e-05,0.000243567,0.00679564,0.0222874,0.00271144,0.000139551,0.0045779,1.55459,3.45572,0.499235,8.51081e-06,2.88312e-06,0.00733049,0.016736,0.000922296,0,0.00112282,0.568263,1.80923,0.32675,0,7.99374e-06,0.000731048
151.579863946,0.0203434,0.00835846,0.00106186,0.00185362,0.349057,2.92886,1.54601,0.0185628,0.0813549,0.0761378,0.0474837,0.00465897,0,0.000625794,0.107191,1.38988,0.919611,0.0123236,0.034832,0.0967038,0.0650405,0.0234891,0.00234195,0.00391013,0.146334,2.52086,2.14733,0.0517097,0.000567411,0.00551211,0.0244313,0.0118103,2.02942e-05,0.00160657,0.0707346,1.20199,1.24378,0.0592418,0.000346431,0.00168982,0.00882559,0.0106115,0.000292739,4.41252e-05,0.0648397,2.14165,2.75064,0.207944,0.0133933,0.0555791,0.039986,0.0127573,9.78176e-05,1.02464e-05,0.00864235,0.852197,1.49662,0.15405,0.0104852,0.0221904,0.0274463,0.0243958,0.00922565,0.0032299,0.00405041,1.48945,3.22726,0.487113,8.51081e-06,2.88312e-06,0.0082561,0.0180006,0.00402958,0.00611261,0.00123691,0.575678,1.78184,0.334427,0,7.99374e-06,0.000731048
153.065941043,0.018506,0.00793701,0.00106186,0.00185859,0.31604,2.59157,1.36731,0.0289591,0.111109,0.111432,0.0573305,0.00449463,0,0.000625794,0.106635,1.21906,0.791284,0.0100068,0.0348335,0.0967038,0.0622441,0.0393551,0.0425632,0.00935666,0.141786,2.25632,1.90364,0.0445226,0.000567411,0.00557518,0.0194874,0.00742916,2.02942e-05,0.0268622,0.167054,1.1365,1.1055,0.05187,0.000346431,0.00168982,0.00822382,0.00961811,0.000375912,4.41252e-05,0.0648397,1.93258,2.50089,0.205967,0.0476959,0.0601556,0.0377151,0.00910274,9.78176e-05,1.40192e-05,0.00864235,0.747526,1.34223,0.132084,0.0104852,0.0821483,0.19518,0.104913,0.00922565,0.0032299,0.00405041,1.28901,2.92591,0.417398,9.60296e-05,2.88312e-06,0.00806009,0.017642,0.00402958,0.0128684,0.00326144,0.482845,1.58925,0.284226,4.80834e-05,0.000164566,0.000577607
154.552018141,0.015648,0.0170971,0.0133497,0.00185859,0.299247,2.3296,1.27882,0.0323389,0.139639,0.159509,0.0698781,0.00449463,0.000204468,0.00471412,0.110073,1.07303,0.732961,0.00893507,0.0348335,0.0967972,0.0626485,0.0558885,0.049978,0.00935666,0.130082,2.01639,1.75183,0.0424597,0.00151008,0.00557518,0.0172679,0.00761044,0.00522231,0.0432389,0.191576,1.03905,1.01806,0.05187,0.000346431,0.00168982,0.00543022,0.00692822,0.000375912,0.000203592,0.0620912,1.75565,2.28637,0.210198,0.0503326,0.0601556,0.0377151,0.0081067,9.78176e-05,1.40192e-05,0.00864235,0.677665,1.19603,0.13132,0.0129594,0.0905793,0.209405,0.117255,0.0219298,0.00389247,0.00357436,1.19364,2.62745,0.408819,9.60296e-05,2.88312e-06,0.00734626,0.0129999,0.0079428,0.0352932,0.0389944,0.465501,1.3965,0.28044,4.80834e-05,0.000164566,0.000577607
156.038095238,0.0140829,0.0169688,0.013419,0.00304053,0.281693,2.24336,1.21507,0.0352297,0.151244,0.166885,0.0749188,0.0343196,0.0174873,0.0144664,0.107667,1.01303,0.684602,0.00893507,0.0348335,0.0971568,0.0661226,0.0708323,0.0699103,0.0214234,0.125047,1.91549,1.64521,0.0449733,0.00912032,0.00986914,0.0183189,0.0075075,0.00522231,0.0434447,0.193762,0.97823,0.963491,0.108851,0.010253,0.00234277,0.0159585,0.0201149,0.00518948,0.00274824,0.0629297,1.65747,2.14312,0.213718,0.0873674,0.071653,0.0508908,0.0095736,9.78176e-05,1.40192e-05,0.00682465,0.62362,1.13755,0.153749,0.0179025,0.0942322,0.229084,0.131596,0.0306886,0.0315827,0.0076285,1.08844,2.43449,0.396056,0.0230124,0.00481918,0.00677181,0.0119696,0.00975701,0.0442292,0.052744,0.416354,1.26834,0.243178,4.80834e-05,0.00919923,0.00862466
157.524172336,0.0183779,0.0210508,0.0141331,0.00381559,0.283192,2.19791,1.18477,0.0374437,0.151909,0.167627,0.0723796,0.0414687,0.0208962,0.015368,0.107105,0.982685,0.654322,0.010874,0.0392453,0.0980834,0.0654529,0.0719205,0.0747157,0.0260565,0.125019,1.88266,1.61374,0.0451085,0.0108277,0.0112915,0.0174491,0.00769404,0.010915,0.0662862,0.209432,0.942506,0.938433,0.107786,0.0106761,0.00300231,0.0163466,0.0204162,0.00533121,0.00715472,0.0897389,1.63761,2.10868,0.223531,0.0918547,0.0727881,0.0494932,0.00848008,0.000535967,0.000225916,0.0068421,0.600444,1.10662,0.1706,0.0404288,0.113141,0.235191,0.132595,0.032068,0.0325436,0.00765143,1.06928,2.38738,0.389321,0.0234244,0.0105992,0.0261463,0.0160975,0.0130179,0.0533993,0.0910087,0.48387,1.23984,0.235271,4.80834e-05,0.00919923,0.00862466
159.010249433,0.0146755,0.0181758,0.0146724,0.00478143,0.280839,2.10015,1.15153,0.0390272,0.152319,0.167927,0.0726093,0.040823,0.0213213,0.0156552,0.104876,0.932558,0.625142,0.011,0.0394543,0.0982532,0.0642952,0.0677752,0.075818,0.0270008,0.124192,1.80616,1.56816,0.0458439,0.0116565,0.0127515,0.0176807,0.00736211,0.011075,0.0666557,0.209714,0.91722,0.916093,0.108173,0.0109981,0.00342846,0.0164998,0.0176325,0.00547074,0.00759404,0.0896746,1.59201,2.05849,0.224125,0.0920401,0.0731533,0.0496374,0.00766726,0.000677662,0.00133885,0.00745102,0.590018,1.07616,0.171007,0.0410597,0.113742,0.235924,0.131749,0.0321658,0.0329147,0.00814332,1.05513,2.33221,0.389482,0.0235104,0.0107838,0.0265584,0.0161234,0.0132229,0.0535869,0.0910885,0.482065,1.2222,0.235143,0.00016328,0.00960376,0.00848447
160.496326531,0.0146041,0.0199082,0.0194607,0.00509741,0.23668,1.82961,0.985724,0.0397159,0.15822,0.177025,0.0829477,0.0504928,0.0228536,0.0172159,0.108147,0.84931,0.559166,0.0314304,0.0549483,0.0982532,0.0693175,0.100649,0.111576,0.0353201,0.122529,1.59006,1.35435,0.0355631,0.0116676,0.012911,0.0170628,0.00657166,0.0110914,0.0666634,0.209714,0.814211,0.78838,0.097517,0.0142522,0.00453944,0.017259,0.0181582,0.00552542,0.00764541,0.0898347,1.35205,1.74032,0.193901,0.101955,0.0736945,0.0488969,0.00647655,0.0013085,0.0110607,0.0297336,0.536143,0.980691,0.152191,0.0410845,0.114234,0.237642,0.132403,0.0323985,0.0332891,0.00909843,0.857447,1.99648,0.293744,0.0235583,0.0110767,0.0276302,0.0176674,0.0133402,0.0536098,0.0910895,0.434027,1.11844,0.203853,0.000318147,0.0105728,0.0089124
161.982403628,0.0146459,0.0198545,0.0194685,0.00514976,0.198793,1.53763,0.861497,0.0395668,0.15822,0.177044,0.0828286,0.0504928,0.0228725,0.0172159,0.088649,0.691951,0.496999,0.0382456,0.0555808,0.0982532,0.0682526,0.0998625,0.111576,0.0375956,0.105418,1.31775,1.15153,0.0349955,0.0116676,0.012911,0.0167199,0.00644018,0.0280666,0.0839357,0.207384,0.699385,0.69903,0.0973866,0.0142522,0.0190722,0.0993672,0.0856566,0.00552542,0.00764541,0.0869446,1.17615,1.51293,0.19918,0.258429,0.35663,0.183174,0.00640335,0.0013085,0.0182553,0.0281656,0.461511,0.843309,0.162214,0.0410845,0.114234,0.237499,0.131441,0.0339458,0.0347286,0.00917439,0.770776,1.71904,0.289087,0.0235583,0.0244816,0.0420571,0.0171236,0.0133026,0.0536098,0.0909999,0.406744,0.95651,0.264571,0.0138666,0.0352775,0.0200651
163.468480726,0.0146459,0.0198619,0.0194697,0.00514978,0.149815,1.26852,0.659467,0.0395897,0.15822,0.177045,0.0828501,0.0504928,0.0228938,0.0172414,0.0693502,0.57896,0.393606,0.0382457,0.0555904,0.0982553,0.0682529,0.0998721,0.111599,0.0375956,0.0932569,1.12995,0.936974,0.031347,0.0116682,0.012911,0.0167295,0.00644223,0.0280666,0.0839358,0.202445,0.614131,0.564527,0.0883032,0.0142523,0.0190732,0.0993672,0.0856567,0.00558578,0.00765804,0.0852306,1.04177,1.29675,0.179085,0.258429,0.35663,0.183174,0.00640335,0.0013085,0.0182554,0.0352772,0.402635,0.713777,0.146574,0.0410846,0.114236,0.237499,0.131441,0.0375801,0.0358528,0.00915119,0.638201,1.47266,0.22216,0.0235583,0.0244816,0.0420571,0.0171236,0.0133026,0.0536098,0.0909999,0.35055,0.822687,0.244306,0.0974179,0.0352776,0.0200651
164.954557823,0.0146459,0.0198619,0.0194697,0.00514978,0.145966,1.04321,0.582619,0.0381625,0.15822,0.177045,0.0828501,0.0504928,0.0228938,0.0172414,0.0678212,0.477296,0.340663,0.0369284,0.0555904,0.0982553,0.0682529,0.0998721,0.111599,0.0375956,0.0879595,0.917748,0.806665,0.0237635,0.0116682,0.012911,0.0167295,0.00644223,0.0280666,0.0839358,0.201506,0.52405,0.501398,0.0824079,0.0142523,0.0190732,0.0993672,0.0856567,0.00558579,0.00765805,0.0835354,0.866871,1.12059,0.168151,0.258429,0.35663,0.183174,0.00640335,0.0013085,0.0182554,0.0349921,0.327146,0.62622,0.134539,0.0410846,0.114236,0.237499,0.131441,0.0375801,0.0358528,0.0088123,0.508632,1.20875,0.19344,0.0235584,0.0244816,0.0420571,0.0171236,0.0133026,0.0536098,0.0909523,0.316224,0.713493,0.224775,0.0974179,0.0352776,0.0200651
166.440634921,0.0146459,0.0198619,0.0194697,0.00514978,0.106707,0.745924,0.401257,0.0377373,0.15822,0.177045,0.0828501,0.0504928,0.0228938,0.0172414,0.059751,0.376714,0.255123,0.0366911,0.0555904,0.0982553,0.0682529,0.0998721,0.111599,0.0375956,0.0656183,0.674873,0.557913,0.0228891,0.0116682,0.012911,0.0167295,0.00644223,0.0280666,0.0839358,0.198464,0.440389,0.373751,0.0821234,0.0142523,0.0190732,0.0993672,0.0856567,0.00558579,0.00765805,0.0797428,0.66321,0.794731,0.14728,0.258429,0.35663,0.183174,0.00640335,0.0013085,0.0182554,0.0339142,0.27629,0.503767,0.129067,0.0410846,0.114236,0.237499,0.131441,0.0375801,0.0358528,0.00841733,0.425844,0.935212,0.165641,0.0235584,0.0244816,0.0420571,0.0171236,0.0133026,0.0536098,0.0909275,0.278536,0.573054,0.203323,0.0974179,0.0352776,0.0200651
167.926712018,0.014403,0.0197366,0.0194697,0.00514978,0.0940991,0.508961,0.253719,0.0336237,0.15822,0.177045,0.0808799,0.0501252,0.0228938,0.0172414,0.0573104,0.26891,0.180687,0.0348878,0.0555904,0.0982553,0.0679609,0.0996581,0.111599,0.0375956,0.0652563,0.441968,0.357465,0.0127856,0.0116682,0.012911,0.0145828,0.00441031,0.0280666,0.0839358,0.198464,0.351231,0.290498,0.0762048,0.0142523,0.0190732,0.0991497,0.0856021,0.00558579,0.00765805,0.0797428,0.48831,0.584703,0.117781,0.258429,0.35663,0.182619,0.00523881,0.0013085,0.0182554,0.0339142,0.21475,0.417075,0.107613,0.0410846,0.114236,0.237499,0.131441,0.0375801,0.0358528,0.00841733,0.276565,0.713676,0.115763,0.0235584,0.0244816,0.0420571,0.0171236,0.0133026,0.0536098,0.0909275,0.244125,0.499372,0.172819,0.0974179,0.0352776,0.0200651
169.412789116,0.012568,0.0190892,0.0194697,0.00514978,0.0663371,0.223289,0.147503,0.0334873,0.15822,0.177045,0.0806065,0.0501252,0.0228938,0.0172414,0.0422643,0.112214,0.11066,0.0347696,0.0555904,0.0982553,0.0663686,0.0984798,0.111599,0.0375956,0.0476515,0.207683,0.201503,0.0123743,0.0116682,0.012911,0.0139123,0.00402287,0.0280666,0.0839358,0.194333,0.236185,0.192106,0.0749776,0.0142523,0.0190732,0.0981885,0.0842546,0.00558579,0.00765805,0.0751059,0.321674,0.34012,0.112902,0.258429,0.35663,0.182404,0.00502567,0.0013085,0.0182554,0.0324317,0.126329,0.251831,0.1053,0.0410846,0.114236,0.237144,0.128547,0.0374908,0.0358528,0.00674309,0.193105,0.403874,0.106466,0.0235584,0.0244816,0.0414881,0.0136142,0.0133026,0.0536098,0.0905665,0.212146,0.302763,0.162241,0.0974179,0.0352776,0.0200651
170.898866213,0.011853,0.0190892,0.0194697,0.00514978,0.0300042,0.0426828,0.01772,0.0334873,0.15822,0.175557,0.076393,0.0501252,0.0228938,0.0172414,0.0339376,0.0350673,0.0331781,0.0339122,0.0555904,0.0978321,0.0646492,0.0984798,0.111599,0.0375956,0.0357144,0.0580624,0.0329365,0.00782599,0.0116682,0.012911,0.0139123,0.00402287,0.0280666,0.0839358,0.1907,0.162425,0.0756605,0.0664665,0.0142523,0.0190732,0.0981885,0.0842546,0.00558579,0.00765805,0.0743825,0.202828,0.146436,0.092967,0.258429,0.35663,0.182404,0.00502567,0.0013085,0.0182554,0.0322836,0.0727417,0.135604,0.086261,0.0410846,0.114236,0.237144,0.128547,0.0374908,0.0358528,0.00674309,0.0875563,0.201699,0.0574938,0.0235584,0.0244816,0.0414881,0.0136142,0.0133026,0.0536098,0.0905665,0.159856,0.175588,0.123488,0.0974179,0.0352776,0.0200651
172.384943311,0.0104699,0.0183685,0.0194697,0.00514978,0.0298608,0.042427,0.0154574,0.0334229,0.157188,0.165952,0.0687714,0.0485338,0.0228938,0.0172414,0.0321199,0.0253168,0.0218756,0.0338829,0.0555769,0.0976126,0.0635433,0.0974554,0.111584,0.0375956,0.0306587,0.0123161,0.00240408,0.00770113,0.0116405,0.0124275,0.00958001,0.00382074,0.0280463,0.0839358,0.189164,0.138019,0.0573099,0.0659385,0.0142457,0.0190732,0.0973383,0.0836437,0.00529649,0.00765805,0.071037,0.118488,0.0517728,0.0909239,0.258429,0.35663,0.177714,0.00482823,0.0012397,0.0182554,0.0320518,0.0341478,0.0802616,0.0802657,0.0410846,0.114236,0.235824,0.128389,0.0374908,0.0358528,0.0065739,0.00457837,0.0213664,0.042673,0.0235584,0.0244816,0.0374512,0.0116823,0.0133026,0.0536098,0.0905665,0.139858,0.102248,0.117853,0.0974179,0.0352776,0.0200197
173.871020408,0.00710787,0.0168321,0.0184161,0.00329616,0.00893515,0.00972812,0.00963344,0.0331807,0.15691,0.165367,0.0684123,0.0483357,0.0228938,0.0166156,0.0243064,0.0179074,0.0206131,0.0338571,0.0555769,0.097601,0.0634084,0.0973897,0.111584,0.0336855,0.0163634,0.00495991,0.00160505,0.00770113,0.0111611,0.00739893,0.00201632,0.00173692,0.0280463,0.0825621,0.183539,0.133481,0.0563439,0.0658366,0.0140703,0.0173834,0.0955516,0.0832158,0.00529305,0.00761392,0.0710258,0.11846,0.0517631,0.0906235,0.257541,0.356218,0.177556,0.00482823,0.00121068,0.0182452,0.0316459,0.0336201,0.080079,0.079927,0.0410694,0.113992,0.233152,0.121335,0.0349654,0.0357132,0.00644889,0.00447629,0.0203639,0.0411658,0.0235498,0.0244787,0.0373674,0.0108816,0.01252,0.0536098,0.0905406,0.136276,0.0918438,0.11065,0.0974179,0.0352696,0.0199875
175.357097506,0.00708869,0.0167354,0.0184078,0.00329616,0.00893515,0.00972812,0.00963344,0.0232628,0.0768653,0.101237,0.0495447,0.0483357,0.0228938,0.0166156,0.0242939,0.0179074,0.0206131,0.0338571,0.0207585,0.00155143,0.0147486,0.0869035,0.109257,0.0336855,0.0163634,0.00495991,0.00160505,0.00764065,0.0111008,0.00739893,0.00201632,0.00173692,0.0280463,0.0823293,0.150567,0.0926057,0.0467783,0.0657585,0.0139059,0.0173834,0.0955516,0.0832158,0.00529305,0.00761392,0.0306532,0.0210561,0.0256799,0.0879554,0.245036,0.301051,0.149318,0.00278035,0.00121068,0.0182452,0.0316459,0.0336201,0.080079,0.0766788,0.0305993,0.0920452,0.212502,0.119032,0.0284512,0.0326229,0.00644889,0.00447629,0.0203639,0.0411658,0.0235498,0.0244787,0.0364193,0.00888496,0.00941271,0.0474972,0.0902203,0.104741,0.0454476,0.0957364,0.0974179,0.0352696,0.0199875
176.843174603,0.00708869,0.0167354,0.0184078,0.00329119,0.00893515,0.008342,0.0045706,0.0119721,0.0471114,0.0659424,0.0339083,0.0475303,0.0228938,0.0166156,0.0242939,0.0178945,0.0205934,0.0338284,0.0207569,0.00155143,0.0147486,0.0696788,0.0690358,0.0282389,0.0163634,0.00495991,0.00160505,0.00764065,0.0111008,0.00733586,0.00200586,0.00173692,0.0280463,0.0570737,0.0541363,0.0313955,0.0337795,0.0650818,0.0139059,0.0173834,0.0955516,0.0830811,0.00520988,0.00761392,0.0306532,0.0210561,0.0256799,0.0642322,0.210733,0.296475,0.149318,0.00278035,0.00121068,0.0182414,0.0316459,0.0336201,0.080079,0.0766788,0.0305993,0.0320873,0.0440103,0.0364628,0.0284512,0.0326229,0.00644889,0.00447629,0.0203512,0.0410318,0.0234623,0.0244787,0.0364193,0.00888496,0.00941271,0.0407413,0.0881957,0.104741,0.0454476,0.0957364,0.0973698,0.035113,0.0199875